attraction_privettur_plyazh_delfin_yalta	plyazh-delfin-yalta	Пляж «Дельфин»	Ялта	44.492372	34.163472	Ялта	Пляж «Дельфин»	1
attraction_primorskiy_park_yalta	primorskiy-park-yalta	Приморский парк	Ялта	44.4893	34.1589	Ялта	Приморский пляж	1
attraction_privettur_livadiyskiy_plyazh_yalta	livadiyskiy-plyazh-yalta	Ливадийский пляж	Ялта	44.496032	34.170213	Ялта	Ливадийский пляж	1
attraction_privettur_plyazh_pansionata_donbass_yalta	plyazh-pansionata-donbass-yalta	Пляж пансионата «Донбасс»	Ялта	44.491355	34.167403	Ялта	Пляж пансионата «Донбасс»	1
attraction_privettur_plyazh_gostinitsy_yalta_inturist_yalta	plyazh-gostinitsy-yalta-inturist-yalta	Пляж гостиницы «Ялта-Интурист»	Ялта	44.499198	34.16616	Ялта	Пляж гостиницы «Ялта-Интурист»	1
attraction_yaltinskiy_zoopark_skazka	yaltinskiy-zoopark-skazka	Ялтинский зоопарк «Сказка»	Ялта	44.4958	34.1002	Ялта	Зоопарк «Сказка»	0.8
attraction_privettur_vinzavod_massandra_yalta	vinzavod-massandra-yalta	Винзавод «Массандра»	Ялта	44.498352	34.168763	Ялта	Винзавод «Массандра»	1
attraction_new_dvorets_emira_buharskogo	dvorets-emira-buharskogo	Дворец эмира Бухарского	Ялта	44.508524	34.225606	Ялта	Дворец Эмира Бухары	1
attraction_new_dvorets_mordvinova	dvorets-mordvinova	Дворец Мордвинова	Ялта	44.504004	34.172601	Ялта	Дворец Мордвинова	1
attraction_privettur_pamyatnik_a_s_pushkinu_yalta	pamyatnik-a-s-pushkinu-yalta	Памятник А. С. Пушкину	Ялта	44.498934	34.164867	Ялта	Памятник А. С. Пушкину	1
attraction_polyana_skazok_yalta	polyana-skazok-yalta	Поляна сказок	Ялта	44.4953	34.1011	Ялта	Детский музей «Поляна сказок»	0.8
attraction_privettur_naberezhnaya_imeni_v_i_lenina_yalta	naberezhnaya-imeni-v-i-lenina-yalta	Набережная имени В. И. Ленина	Ялта	44.498395	34.168707	Ялта	Набережная имени В. И. Ленина	1
attraction_new_akvapark_atlantida	akvapark-atlantida	Аквапарк Атлантида	Ялта	44.481628	34.151859	Ялта	Аквапарк «Атлантида»	1
attraction_uchan_su_vodopad	vodopad-uchan-su-krym	Водопад Учан-Су	Ялта	44.492	34.092	Ялта	Водопад Учан-Су	1
attraction_new_teatr_morskih_zhivotnyh_akvatoriya_yalta	teatr-morskih-zhivotnyh-akvatoriya-yalta	Театр морских животных "Акватория"	Ялта	44.499045	34.165197	Ялта	Театр морских животных «Акватория»	1
attraction_privettur_hram_arhangela_mihaila_yalta	hram-arhangela-mihaila-yalta	Храм Архангела Михаила	Ялта	44.4961	34.170197	Ялта	Храм Архангела Михаила	1
attraction_privettur_hram_pokrova_presvyatoy_bogoroditsy_yalta	hram-pokrova-presvyatoy-bogoroditsy-yalta	Храм Покрова Пресвятой Богородицы	Ялта	44.491466	34.164867	Ялта	Храм Покрова Пресвятой Богородицы	1
attraction_privettur_vorontsovskie_kupalni_alupka	vorontsovskie-kupalni-alupka	Воронцовские купальни	Алупка	44.414236	34.046335	Алупка	Воронцовские купальни	1
attraction_privettur_detskiy_plyazh_alupka	detskiy-plyazh-alupka	Детский пляж	Алупка	44.420777	34.042327	Алупка	Детский пляж	1
attraction_privettur_plyazh_lazurnyy_bereg_alupka	plyazh-lazurnyy-bereg-alupka	Пляж «Лазурный берег»	Алупка	44.417474	34.049251	Алупка	Пляж «Лазурный берег»	1
attraction_vorontsovskiy_park	vorontsovskiy-park-alupka	Воронцовский парк	Алупка	44.422177	34.058462	Алупка	Воронцовский парк	1
attraction_privettur_pionerskiy_park_alupka	pionerskiy-park-alupka	Пионерский парк	Алупка	44.414219	34.044332	Алупка	Пионерский парк	1
attraction_privettur_gora_i_ozero_shaan_kaya_alupka	gora-i-ozero-shaan-kaya-alupka	Гора и озеро Шаан-Кая	Алупка	44.414139	34.045857	Алупка	Гора и озеро Шаан-Кая	1
attraction_privettur_skala_ayvazovskogo_alupka	skala-ayvazovskogo-alupka	Скала Айвазовского	Алупка	44.414568	34.043422	Алупка	Скала Айвазовского	1
attraction_privettur_plyazhi_professorskogo_ugolka_alushta	plyazhi-professorskogo-ugolka-alushta	Пляжи Профессорского уголка	Алушта	44.674837	34.413782	Алушта	Пляжи Профессорского уголка	1
attraction_privettur_korolevskiy_plyazh_alushta	korolevskiy-plyazh-alushta	«Королевский пляж»	Алушта	44.6764	34.4141	Алушта	«Королевский пляж»	1
attraction_privettur_detskiy_plyazh_alushta	detskiy-plyazh-alushta	Детский пляж	Алушта	44.674461	34.406602	Алушта	Детский пляж	1
attraction_privettur_plyazh_laskovyy_bereg_alushta	plyazh-laskovyy-bereg-alushta	Пляж «Ласковый берег»	Алушта	44.678027	34.413754	Алушта	Пляж «Ласковый берег»	1
attraction_privettur_plyazh_otelya_rivera_byvshiy_redisson_alushta	plyazh-otelya-rivera-byvshiy-redisson-alushta	Пляж отеля «Ривьера» / бывший «Рэдиссон»	Алушта	44.680054	34.411727	Алушта	Пляж отеля «Ривьера» / бывший «Рэдиссон»	1
attraction_new_dacha_staheeva_alushta	dacha-staheeva-alushta	Дача купца Стахеева	Алушта	44.701057	34.438785	Алушта	Дача купца Стахеева	1
attraction_new_kamennye_griby_sotery	kamennye-griby-sotery	Каменные грибы Сотеры	Алушта	44.748319	34.462103	Алушта	Каменные грибы долины Сотера	0.8571428571428571
attraction_privettur_morskoy_konek_alushta	morskoy-konek-alushta	«Морской конек»	Алушта	44.67809	34.413725	Алушта	«Морской конек»	1
attraction_vodopad_golovkinskogo	vodopad-golovkinskogo	Водопад Головкинского	Алушта	44.668462	34.303285	Алушта	Водопад Головкинского	1
attraction_privettur_vodopad_geyzer_alushta	vodopad-geyzer-alushta	Водопад Гейзер	Алушта	44.673993	34.413295	Алушта	Водопад Гейзер	1
attraction_new_alushtinskiy_akvarium	alushtinskiy-akvarium	Алуштинский аквариум	Алушта	44.71237	34.45703	Алушта	Алуштинский аквариум	1
attraction_new_delfinariy_akvarel	delfinariy-akvarel	Дельфинарий "Акварель"	Алушта	44.670695	34.409483	Алушта	Дельфинарий «Акварель»	1
attraction_privettur_delfinariy_nemo_alushta	delfinariy-nemo-alushta	Дельфинарий «Немо»	Алушта	44.677963	34.406418	Алушта	Дельфинарий «Немо»	1
attraction_new_naberezhnaya_alushty	naberezhnaya-alushty	Набережная Алушты	Алушта	44.680134	34.378661	Алушта	Набережная Алушты	1
attraction_new_akvapark_mindalnaya_roshcha	akvapark-mindalnaya-roshcha	Аквапарк Миндальная роща	Алушта	44.658339	34.406149	Алушта	Аквапарк «Миндальная роща»	1
attraction_privettur_tsentralnyy_plyazh_gaspry_gaspra	tsentralnyy-plyazh-gaspry-gaspra	Центральный пляж Гаспры	Гаспра	44.431661	34.098702	Гаспра	Центральный пляж Гаспры	1
attraction_privettur_plyazh_sanatoriya_yasnaya_polyana_gaspra	plyazh-sanatoriya-yasnaya-polyana-gaspra	Пляж санатория «Ясная поляна»	Гаспра	44.435098	34.105909	Гаспра	Пляж санатория «Ясная поляна»	1
attraction_privettur_plyazh_pansionata_marat_gaspra	plyazh-pansionata-marat-gaspra	Пляж пансионата «Марат»	Гаспра	44.430772	34.099372	Гаспра	Пляж пансионата «Марат»	1
attraction_privettur_skaypark_trolley_gaspra	skaypark-trolley-gaspra	Скайпарк-троллей	Гаспра	44.430208	34.10008	Гаспра	Скайпарк-троллей	1
attraction_privettur_gorodskoy_plyazh_gurzufa_gurzuf	gorodskoy-plyazh-gurzufa-gurzuf	Городской пляж Гурзуфа	Гурзуф	44.544021	34.277045	Гурзуф	Городской пляж Гурзуфа	1
attraction_new_naberezhnaya_gurzufa	naberezhnaya-gurzufa	Набережная Гурзуфа	Гурзуф	44.552656	34.286637	Гурзуф	Гурзуфская набережная	1
attraction_privettur_muzey_pushkina_dom_rishele_gurzuf	muzey-pushkina-dom-rishele-gurzuf	Музей Пушкина / Дом Ришелье	Гурзуф	44.548551	34.283636	Гурзуф	Музей Пушкина / Дом Ришелье	1
attraction_privettur_dacha_k_a_korovina_gurzuf	dacha-k-a-korovina-gurzuf	Дача К. А. Коровина	Гурзуф	44.543275	34.277672	Гурзуф	Дача К. А. Коровина	1
attraction_privettur_dom_muzey_chehova_gurzuf	dom-muzey-chehova-gurzuf	Дом-музей Чехова	Гурзуф	44.550199	34.28033	Гурзуф	Дом-музей Чехова	1
attraction_new_skala_shalyapina_gurzuf	skala-shalyapina-gurzuf	Скала Шаляпина — достопримечательность Крыма	Гурзуф	44.545437	34.284327	Гурзуф	Скала Шаляпина	0.8
attraction_privettur_rybolovnyy_klub_krasnyy_kamen_gurzuf	rybolovnyy-klub-krasnyy-kamen-gurzuf	Рыболовный клуб «Красный камень»	Гурзуф	44.550113	34.281232	Гурзуф	Рыболовный клуб «Красный камень»	1
attraction_privettur_tsentralnyy_plyazh_katsiveli_katsiveli	tsentralnyy-plyazh-katsiveli-katsiveli	Центральный пляж Кацивели	Кацивели	44.393768	33.977713	Кацивели	Центральный пляж Кацивели	1
attraction_privettur_krymskaya_observatoriya_katsiveli	krymskaya-observatoriya-katsiveli	Крымская обсерватория	Кацивели	44.396353	33.970205	Кацивели	Крымская обсерватория	1
attraction_privettur_ferma_ustrits_katsiveli	ferma-ustrits-katsiveli	Ферма устриц	Кацивели	44.397836	33.971449	Кацивели	Ферма устриц	1
attraction_privettur_tsentralnyy_plyazh_malorechenskogo_malorechenskoe	tsentralnyy-plyazh-malorechenskogo-malorechenskoe	Центральный пляж Малореченского	Малореченское	44.756468	34.560287	Малореченское	Центральный пляж Малореченского	1
attraction_privettur_muzey_katastrof_na_vodah_malorechenskoe	muzey-katastrof-na-vodah-malorechenskoe	Музей катастроф на водах	Малореченское	44.754572	34.561275	Малореченское	Музей катастроф на водах	1
attraction_privettur_plyazh_rusalochka_mishor	plyazh-rusalochka-mishor	Пляж «Русалочка»	Мисхор	44.435351	34.081764	Мисхор	Пляж «Русалочка»	1
attraction_privettur_usadba_sofievka_mishor	usadba-sofievka-mishor	Усадьба «Софиевка»	Мисхор	44.429291	34.086498	Мисхор	Усадьба «Софиевка»	1
attraction_privettur_dvorets_kichkine_mishor	dvorets-kichkine-mishor	Дворец «Кичкинэ»	Мисхор	44.432791	34.088995	Мисхор	Дворец «Кичкинэ»	1
attraction_miskhorskiy_park	miskhorskiy-park	Мисхорский парк	Мисхор	44.4297	34.0919	Мисхор	Мисхорский парк	1
attraction_privettur_staryy_park_orlovyh_davydovyh_otradnoe	staryy-park-orlovyh-davydovyh-otradnoe	Старый парк Орловых-Давыдовых	Отрадное	44.512429	34.228064	Отрадное	Старый парк Орловых-Давыдовых	1
attraction_privettur_tsentralnyy_plyazh_partenita_partenit	tsentralnyy-plyazh-partenita-partenit	Центральный пляж Партенита	Партенит	44.581816	34.342363	Партенит	Центральный пляж Партенита	1
attraction_new_park_sanatoriya_krym_partenit	park-sanatoriya-krym-partenit	Парк санатория "Крым"	Партенит	44.576684	34.348164	Партенит	Парк санатория «Крым»	1
attraction_privettur_ozero_biryuzovoe_partenit	ozero-biryuzovoe-partenit	Озеро Бирюзовое	Партенит	44.581124	34.347619	Партенит	Озеро Бирюзовое	1
attraction_privettur_plyazh_rekreatsionnogo_kompleksa_katran_privetnoe	plyazh-rekreatsionnogo-kompleksa-katran-privetnoe	Пляж рекреационного комплекса «Катран»	Приветное	44.824759	34.680368	Приветное	Пляж рекреационного комплекса «Катран»	1
attraction_privettur_munitsipalnyy_plyazh_v_rybachem_rybache	munitsipalnyy-plyazh-v-rybachem-rybache	Муниципальный пляж в Рыбачьем	Рыбачье	44.773237	34.597927	Рыбачье	Муниципальный пляж в Рыбачьем	1
attraction_privettur_gorodskoy_plyazh_u_skaly_diva_simeiz	gorodskoy-plyazh-u-skaly-diva-simeiz	Городской пляж у скалы Дива	Симеиз	44.411557	33.993804	Симеиз	Городской пляж у скалы Дива	1
attraction_skala_diva_simeiz	skala-diva-simeiz	Скала Дива	Симеиз	44.400785	34.001045	Симеиз	Скала Дива	1
attraction_privettur_tsentralnyy_plyazh_solnechnogorskogo_solnechnogorskoe	tsentralnyy-plyazh-solnechnogorskogo-solnechnogorskoe	Центральный пляж Солнечногорского	Солнечногорское	44.750152	34.537537	Солнечногорское	Центральный пляж Солнечногорского	1
attraction_privettur_lesopark_satiry_i_yumora_solnechnogorskoe	lesopark-satiry-i-yumora-solnechnogorskoe	Лесопарк сатиры и юмора	Солнечногорское	44.749237	34.536684	Солнечногорское	Лесопарк сатиры и юмора	1
attraction_privettur_haphalskiy_zapovednik_solnechnogorskoe	haphalskiy-zapovednik-solnechnogorskoe	Хапхальский заповедник	Солнечногорское	44.750978	34.540418	Солнечногорское	Хапхальский заповедник	1
attraction_privettur_plyazh_sanatoriya_utes_utes	plyazh-sanatoriya-utes-utes	Пляж санатория «Утес»	Утёс	44.59627	34.367987	Утёс	Пляж санатория «Утес»	1
attraction_mys_plaka	mys-plaka-krym	Мыс Плака	Утёс	44.591175	34.367648	Утёс	Мыс Плака	1
attraction_dvorets_knyagini_gagarinoy	dvorec-knyagini-gagarinoj-krym	Дворец княгини Гагариной	Утёс	44.59336	34.36871	Утёс	Дворец княгини Гагариной	1
attraction_privettur_starinnyy_park_imeniya_kuchuk_lambat_utes	starinnyy-park-imeniya-kuchuk-lambat-utes	Старинный парк имения Кучук-Ламбат	Утёс	44.59024	34.370929	Утёс	Старинный парк имения Кучук-Ламбат	1
attraction_privettur_plyazh_sanatoriya_foros_foros	plyazh-sanatoriya-foros-foros	Пляж санатория «Форос»	Форос	44.389205	33.790807	Форос	Пляж санатория «Форос»	1
attraction_privettur_dom_grafa_kuznetsova_foros	dom-grafa-kuznetsova-foros	Дом графа Кузнецова	Форос	44.391637	33.784473	Форос	Дом графа Кузнецова	1
attraction_privettur_baydarskaya_dolina_foros	baydarskaya-dolina-foros	Байдарская долина	Форос	44.392818	33.784422	Форос	Байдарская долина	1
attraction_privettur_kanon_uzundzhi_foros	kanon-uzundzhi-foros	Каньон Узунджи	Форос	44.391705	33.792339	Форос	Каньон Узунджи	1
attraction_privettur_chertova_lestnitsa_foros	chertova-lestnitsa-foros	Чертова лестница	Форос	44.388641	33.787032	Форос	Чертова лестница	1
attraction_forosskiy_park	forosskiy-park	Форосский парк	Форос	44.3897	33.7819	Форос	Форосский парк	1
attraction_privettur_plyazh_soldatskiy_mramornyy_balaklava	plyazh-soldatskiy-mramornyy-balaklava	Пляж Солдатский / Мраморный	Балаклава	44.503625	33.598172	Балаклава	Пляж Солдатский / Мраморный	1
attraction_krepost_chembalo	krepost-chembalo-balaklava	Крепость Чембало в Балаклаве	Балаклава	44.494623	33.59875	Балаклава	Крепость Чембало	0.8
attraction_privettur_podzemnyy_muzeynyy_kompleks_muzey_podvodnyh_lodok_balaklava	podzemnyy-muzeynyy-kompleks-muzey-podvodnyh-lodok-balaklava	Подземный музейный комплекс / музей подводных лодок	Балаклава	44.497271	33.60296	Балаклава	Подземный музейный комплекс / музей подводных лодок	1
attraction_privettur_zavod_shampanskih_vin_zolotaya_balka_balaklava	zavod-shampanskih-vin-zolotaya-balka-balaklava	Завод шампанских вин «Золотая балка»	Балаклава	44.499398	33.597118	Балаклава	Завод шампанских вин «Золотая балка»	1
attraction_chufut_kale	chufut-kale-krym	Чуфут-Кале	Бахчисарай	44.735589	33.931142	Бахчисарай	Чуфут-Кале	1
attraction_hanskiy_dvorets	hanskij-dvorets-bakhchisaraj	Ханский дворец (Бахчисарайский)	Бахчисарай	44.7482	33.8822	Бахчисарай	Ханский дворец	0.8
attraction_privettur_biyuk_han_dzhami_bahchisaray	biyuk-han-dzhami-bahchisaray	Биюк Хан Джами	Бахчисарай	44.749323	33.858306	Бахчисарай	Биюк Хан Джами	1
attraction_privettur_fontan_slez_bahchisaray	fontan-slez-bahchisaray	Фонтан слез	Бахчисарай	44.748946	33.862227	Бахчисарай	Фонтан слез	1
attraction_privettur_dvortsovyy_kompleks_devlet_saray_bahchisaray	dvortsovyy-kompleks-devlet-saray-bahchisaray	Дворцовый комплекс Девлет-Сарай	Бахчисарай	44.750722	33.864132	Бахчисарай	Дворцовый комплекс Девлет-Сарай	1
attraction_privettur_uspenskiy_monastyr_bahchisaray	uspenskiy-monastyr-bahchisaray	Успенский монастырь	Бахчисарай	44.755477	33.857821	Бахчисарай	Успенский монастырь	1
attraction_privettur_skit_anastasii_uzoreshitelnitsy_bahchisaray	skit-anastasii-uzoreshitelnitsy-bahchisaray	Скит Анастасии Узорешительницы	Бахчисарай	44.749976	33.863619	Бахчисарай	Скит Анастасии Узорешительницы	1
attraction_privettur_sfinksy_doliny_churuk_su_bahchisaray	sfinksy-doliny-churuk-su-bahchisaray	Сфинксы долины Чурук-Су	Бахчисарай	44.749036	33.862416	Бахчисарай	Сфинксы долины Чурук-Су	1
attraction_privettur_ekaterininskaya_milya_bahchisaray	ekaterininskaya-milya-bahchisaray	Екатерининская миля	Бахчисарай	44.755752	33.863063	Бахчисарай	Екатерининская миля	1
attraction_privettur_bahchisarayskiy_park_miniatyur_bahchisaray	bahchisarayskiy-park-miniatyur-bahchisaray	Бахчисарайский парк миниатюр	Бахчисарай	44.756599	33.86053	Бахчисарай	Бахчисарайский парк миниатюр	1
attraction_new_marsianskoe_ozero	marsianskoe-ozero	Марсианское озеро в Крыму	Бахчисарай	44.812063	33.980518	Бахчисарай	Марсианское озеро	1
attraction_new_vodopad_suatkan	vodopad-suatkan	Водопад Суаткан	Бахчисарай	44.550877	33.846247	Бахчисарай	Водопад Суаткан	1
attraction_privettur_chudo_oslik_bahchisaray	chudo-oslik-bahchisaray	«Чудо-ослик»	Бахчисарай	44.752391	33.864595	Бахчисарай	«Чудо-ослик»	1
attraction_new_plyazh_lazurnyy_bereg_v_evpatorii	plyazh-lazurnyy-bereg-v-evpatorii	Пляж Лазурный берег в Евпатории	Евпатория	45.175943	33.321938	Евпатория	Пляж «Лазурный берег»	0.8
attraction_privettur_plyazh_oazis_evpatoriya	plyazh-oazis-evpatoriya	Пляж «Оазис»	Евпатория	45.18854	33.371029	Евпатория	Пляж «Оазис»	1
attraction_privettur_plyazh_robinzon_evpatoriya	plyazh-robinzon-evpatoriya	Пляж «Робинзон»	Евпатория	45.19229	33.363975	Евпатория	Пляж «Робинзон»	1
attraction_privettur_plyazh_solyaris_evpatoriya	plyazh-solyaris-evpatoriya	Пляж «Солярис»	Евпатория	45.188661	33.364102	Евпатория	Пляж «Солярис»	1
attraction_privettur_tsentralnyy_plyazh_evpatorii_evpatoriya	tsentralnyy-plyazh-evpatorii-evpatoriya	Центральный пляж Евпатории	Евпатория	45.193007	33.370795	Евпатория	Центральный пляж Евпатории	1
attraction_new_zateryannyy_mir_evpatoriya	zateryannyy-mir-evpatoriya	Динопарк "Затерянный мир"	Евпатория	45.179013	33.354379	Евпатория	Динопарк «Затерянный мир»	1
attraction_privettur_tropikpark_evpatoriya	tropikpark-evpatoriya	Тропикпарк	Евпатория	45.194481	33.366632	Евпатория	Тропикпарк	1
attraction_new_park_frunze	park-frunze	Парк имени Фрунзе в Евпатории	Евпатория	45.190391	33.363605	Евпатория	Парк имени Фрунзе	0.8
attraction_privettur_dom_velikana_evpatoriya	dom-velikana-evpatoriya	Дом великана	Евпатория	45.193709	33.365083	Евпатория	Дом великана	1
attraction_privettur_muzey_zanimatelnyh_nauk_kak_tak_evpatoriya	muzey-zanimatelnyh-nauk-kak-tak-evpatoriya	Музей занимательных наук «Как?Так!»	Евпатория	45.193955	33.369779	Евпатория	Музей занимательных наук «Как?Так!»	1
attraction_privettur_evpatoriyskiy_karting_tsentr_evpatoriya	evpatoriyskiy-karting-tsentr-evpatoriya	Евпаторийский картинг-центр	Евпатория	45.186639	33.367043	Евпатория	Евпаторийский картинг-центр	1
attraction_new_naberezhnaya_tereshkovoy	naberezhnaya-tereshkovoy	Набережная Терешковой	Евпатория	45.196028	33.379914	Евпатория	Набережная имени В. Терешковой	0.8
attraction_new_evpatoriya_naberezhnaya_gorkogo	evpatoriya-naberezhnaya-gorkogo	Евпаторийская набережная имени Горького	Евпатория	45.185865	33.366277	Евпатория	Набережная имени Горького	0.8571428571428571
attraction_new_akvapark_u_lukomorya	akvapark-u-lukomorya	Аквапарк У Лукоморья	Евпатория	45.184187	33.357922	Евпатория	Аквапарк «У Лукоморья»	1
attraction_privettur_evpatoriyskiy_delfinariy_evpatoriya	evpatoriyskiy-delfinariy-evpatoriya	Евпаторийский дельфинарий	Евпатория	45.190809	33.363605	Евпатория	Евпаторийский дельфинарий	1
attraction_new_evpatoriyskiy_akvarium	evpatoriyskiy-akvarium	Евпаторийский аквариум	Евпатория	45.187745	33.3697	Евпатория	Евпаторийский аквариум	1
attraction_privettur_plyazh_super_akva_zaozernoe	plyazh-super-akva-zaozernoe	Пляж «Супер Аква»	Заозерное	45.161985	33.278349	Заозерное	Пляж «Супер Аква»	1
attraction_privettur_greko_skifskoe_gorodische_chayka_zaozernoe	greko-skifskoe-gorodische-chayka-zaozernoe	Греко-скифское городище «Чайка»	Заозерное	45.155376	33.281019	Заозерное	Греко-скифское городище «Чайка»	1
attraction_privettur_tsentralnyy_plyazh_mezhvodnogo_mezhvodnoe	tsentralnyy-plyazh-mezhvodnogo-mezhvodnoe	Центральный пляж Межводного	Межводное	45.583897	32.848845	Межводное	Центральный пляж Межводного	1
attraction_privettur_tsentr_vodnyh_vidov_sporta_mezhvodnoe	tsentr-vodnyh-vidov-sporta-mezhvodnoe	Центр водных видов спорта	Межводное	45.581266	32.846433	Межводное	Центр водных видов спорта	1
attraction_privettur_ozero_dzharylgach_mezhvodnoe	ozero-dzharylgach-mezhvodnoe	Озеро Джарылгач	Межводное	45.584032	32.848881	Межводное	Озеро Джарылгач	1
attraction_privettur_tsentralnyy_plyazh_nikolaevki_nikolaevka	tsentralnyy-plyazh-nikolaevki-nikolaevka	Центральный пляж Николаевки	Николаевка	44.962022	33.614332	Николаевка	Центральный пляж Николаевки	1
attraction_privettur_akvarium_chernomorskiy_nikolaevka	akvarium-chernomorskiy-nikolaevka	Аквариум «Черноморский»	Николаевка	44.959902	33.61066	Николаевка	Аквариум «Черноморский»	1
attraction_new_naberezhnaya_i_plyazh	naberezhnaya-i-plyazh	Набережная и пляж Новофёдоровки	Евпатория	45.0923	33.5553	Новофедоровка	Набережная Новофедоровки	1
attraction_privettur_plyazh_sanset_olenevka	plyazh-sanset-olenevka	Пляж «Сансет»	Оленевка	45.38729	32.533579	Оленевка	Пляж «Сансет»	1
attraction_mys_tarhankut	mys-tarhankut-krym	Мыс Тарханкут	Оленевка	45.347618	32.494822	Оленевка	Мыс Тарханкут	1
attraction_new_atlesh	atlesh	Большой и Малый Атлеш	Оленевка	45.335385	32.551523	Оленевка	Большой Атлеш	0.8
attraction_privettur_chasha_lyubvi_olenevka	chasha-lyubvi-olenevka	Чаша Любви	Оленевка	45.382064	32.529496	Оленевка	Чаша Любви	1
attraction_privettur_staryy_mayak_olenevka	staryy-mayak-olenevka	Старый маяк	Оленевка	45.379736	32.535116	Оленевка	Старый маяк	1
attraction_new_podvodnyy_muzey_alleya_vozhdey_na_tarhankute	podvodnyy-muzey-alleya-vozhdey-na-tarhankute	Подводный музей "Аллея вождей" на Тарханкуте	Оленевка	45.385116	32.536864	Оленевка	Подводный музей «Аллея вождей»	0.8571428571428571
attraction_privettur_tsentralnyy_plyazh_peschanogo_peschanoe	tsentralnyy-plyazh-peschanogo-peschanoe	Центральный пляж Песчаного	Песчаное	44.846103	33.606155	Песчаное	Центральный пляж Песчаного	1
attraction_privettur_tsentralnyy_plyazh_popovki_popovka	tsentralnyy-plyazh-popovki-popovka	Центральный пляж Поповки	Поповка	45.300463	33.039152	Поповка	Центральный пляж Поповки	1
attraction_privettur_detskiy_plyazh_popovka	detskiy-plyazh-popovka	Детский пляж	Поповка	45.294103	33.0369	Поповка	Детский пляж	1
attraction_privettur_poselkovyy_plyazh_popovka	poselkovyy-plyazh-popovka	Поселковый пляж	Поповка	45.294087	33.036832	Поповка	Поселковый пляж	1
attraction_privettur_respublika_kazantip_plyazh_z_city_popovka	respublika-kazantip-plyazh-z-city-popovka	Республика «Казантип» / пляж «Z-city»	Поповка	45.296	33.032536	Поповка	Республика «Казантип» / пляж «Z-city»	1
attraction_privettur_tsentralnyy_plyazh_saki_saki	tsentralnyy-plyazh-saki-saki	Центральный пляж Саки	Саки	45.136551	33.606336	Саки	Центральный пляж Саки	1
attraction_privettur_sakskoe_ozero_saki	sakskoe-ozero-saki	Сакское озеро	Саки	45.136717	33.599991	Саки	Сакское озеро	1
attraction_privettur_etnograficheskiy_kompleks_sergiev_posad_saki	etnograficheskiy-kompleks-sergiev-posad-saki	Этнографический комплекс «Сергиев Посад»	Саки	45.133165	33.599236	Саки	Этнографический комплекс «Сергиев Посад»	1
attraction_privettur_akvakompleks_saksoniya_saki	akvakompleks-saksoniya-saki	Аквакомплекс «Саксония»	Саки	45.137516	33.600863	Саки	Аквакомплекс «Саксония»	1
attraction_privettur_plyazh_pobedy_sevastopol	plyazh-pobedy-sevastopol	Пляж Победы	Севастополь	44.61273	33.525887	Севастополь	Пляж Победы	1
attraction_privettur_plyazh_akvamarin_sevastopol	plyazh-akvamarin-sevastopol	Пляж «Аквамарин»	Севастополь	44.620639	33.524705	Севастополь	Пляж «Аквамарин»	1
attraction_privettur_plyazh_pesochnyy_sevastopol	plyazh-pesochnyy-sevastopol	Пляж Песочный	Севастополь	44.616143	33.529361	Севастополь	Пляж Песочный	1
attraction_privettur_plyazh_solnechnyy_sevastopol	plyazh-solnechnyy-sevastopol	Пляж Солнечный	Севастополь	44.614761	33.528898	Севастополь	Пляж Солнечный	1
attraction_privettur_plyazh_tolstyak_sevastopol	plyazh-tolstyak-sevastopol	Пляж Толстяк	Севастополь	44.620613	33.524568	Севастополь	Пляж Толстяк	1
attraction_pamyatnik_zatoplennym_korablyam	pamyatnik-zatoplennym-korablyam-sevastopol	Памятник затопленным кораблям	Севастополь	44.618333	33.524444	Севастополь	Памятник затопленным кораблям	1
attraction_privettur_urochische_batiliman_sevastopol	urochische-batiliman-sevastopol	Урочище Батилиман	Севастополь	44.619324	33.522381	Севастополь	Урочище Батилиман	1
attraction_new_grot_diany	grot-diany	Грот Дианы	Севастополь	44.504763	33.500234	Севастополь	Грот Дианы	1
attraction_privettur_chernorechenskiy_kanon_sevastopol	chernorechenskiy-kanon-sevastopol	Чернореченский каньон	Севастополь	44.616213	33.52937	Севастополь	Чернореченский каньон	1
attraction_privettur_krepost_kyz_kule_sevastopol	krepost-kyz-kule-sevastopol	Крепость Кыз-Куле	Севастополь	44.612705	33.525609	Севастополь	Крепость Кыз-Куле	1
attraction_new_istoricheskiy_bulvar	istoricheskiy-bulvar	Исторический бульвар	Севастополь	44.597884	33.5235	Севастополь	Исторический бульвар	1
attraction_hersones_tavricheskiy	hersones-tavricheskiy	Херсонес Таврический	Севастополь	44.613611	33.492778	Севастополь	Херсонес Таврический	1
attraction_panorama_oborony_sevastopolya	panorama-oborony-sevastopolya	Панорама обороны Севастополя	Севастополь	44.5956	33.5238	Севастополь	Панорама «Оборона Севастополя 1854–1855»	0.75
attraction_privettur_muzey_geroicheskoy_oborony_i_osvobozhdeniya_sevastopolya_sevastopol	muzey-geroicheskoy-oborony-i-osvobozhdeniya-sevastopolya-sevastopol	Музей героической обороны и освобождения Севастополя	Севастополь	44.620016	33.527637	Севастополь	Музей героической обороны и освобождения Севастополя	1
attraction_privettur_muzey_podvodnyh_lodok_sevastopol	muzey-podvodnyh-lodok-sevastopol	Музей подводных лодок	Севастополь	44.619809	33.522883	Севастополь	Музей подводных лодок	1
attraction_mihaylovskaya_batareya	mihaylovskaya-batareya	Михайловская батарея	Севастополь	44.627778	33.525833	Севастополь	Михайловская батарея	1
attraction_privettur_muzey_rybakov_sevastopol	muzey-rybakov-sevastopol	Музей рыбаков	Севастополь	44.616979	33.52141	Севастополь	Музей рыбаков	1
attraction_sapun_gora_diorama_memorial	sapun-gora-diorama-sevastopol	Сапун-гора	Севастополь	44.552	33.584	Севастополь	Сапун-гора	1
attraction_privettur_akvapark_zurbagan_sevastopol	akvapark-zurbagan-sevastopol	Аквапарк «Зурбаган»	Севастополь	44.619936	33.527751	Севастополь	Аквапарк «Зурбаган»	1
attraction_privettur_delfinariy_strana_delfiniya_sevastopol	delfinariy-strana-delfiniya-sevastopol	Дельфинарий «Страна Дельфиния»	Севастополь	44.613236	33.5274	Севастополь	Дельфинарий «Страна Дельфиния»	1
attraction_privettur_delfinariy_flipper_sevastopol	delfinariy-flipper-sevastopol	Дельфинарий Flipper	Севастополь	44.614822	33.528932	Севастополь	Дельфинарий Flipper	1
attraction_privettur_eko_park_lukomore_sevastopol	eko-park-lukomore-sevastopol	Эко-парк «Лукоморье»	Севастополь	44.612722	33.525818	Севастополь	Эко-парк «Лукоморье»	1
attraction_new_naberezhnaya_kornilova	naberezhnaya-kornilova	Набережная Корнилова	Севастополь	44.614249	33.521039	Севастополь	Набережная Корнилова	1
attraction_new_kadykovskiy_karer	kadykovskiy-karer	Кадыковский карьер	Севастополь	44.516841	33.568524	Севастополь	Кадыковский карьер	1
attraction_new_pokrovskiy_sobor_v_sevastopole	pokrovskiy-sobor-v-sevastopole	Покровский собор в Севастополе	Севастополь	44.61876	33.521971	Севастополь	Покровский собор	0.8
attraction_privettur_tserkov_vseh_svyatyh_sevastopol	tserkov-vseh-svyatyh-sevastopol	Церковь Всех Святых	Севастополь	44.616979	33.52141	Севастополь	Церковь Всех Святых	1
attraction_new_vladimirsky_sobor_hersones	vladimirsky-sobor-hersones	Владимирский собор в Херсонесе	Севастополь	44.610959	33.49296	Севастополь	Владимирский собор	0.8
attraction_privettur_tserkov_mihaila_arhangela_sevastopol	tserkov-mihaila-arhangela-sevastopol	Церковь Михаила Архангела	Севастополь	44.612722	33.524982	Севастополь	Церковь Михаила Архангела	1
attraction_privettur_tsentralnyy_plyazh_chernomorskogo_chernomorskoe	tsentralnyy-plyazh-chernomorskogo-chernomorskoe	Центральный пляж Черноморского	Черноморское	45.504722	32.694268	Черноморское	Центральный пляж Черноморского	1
attraction_privettur_urochische_bolshoy_kastel_chernomorskoe	urochische-bolshoy-kastel-chernomorskoe	Урочище Большой Кастель	Черноморское	45.510539	32.698495	Черноморское	Урочище Большой Кастель	1
attraction_privettur_plyazh_vega_shtormovoe	plyazh-vega-shtormovoe	Пляж «Вега»	Штормовое	45.264075	33.083272	Штормовое	Пляж «Вега»	1
attraction_privettur_plyazh_otelya_delmar_shtormovoe	plyazh-otelya-delmar-shtormovoe	Пляж отеля DelMar	Штормовое	45.270951	33.085374	Штормовое	Пляж отеля DelMar	1
attraction_privettur_plyazh_krab_shtormovoe	plyazh-krab-shtormovoe	Пляж «Краб»	Штормовое	45.265	33.082536	Штормовое	Пляж «Краб»	1
attraction_privettur_muzey_morskie_kurezy_shtormovoe	muzey-morskie-kurezy-shtormovoe	Музей «Морские курьезы»	Штормовое	45.268878	33.082468	Штормовое	Музей «Морские курьезы»	1
attraction_privettur_plyazh_117_beregovoe	plyazh-117-beregovoe	Пляж 117	Береговое	45.095878	35.431468	Береговое	Пляж 117	1
attraction_privettur_plyazh_gostinitsy_brigantina_beregovoe	plyazh-gostinitsy-brigantina-beregovoe	Пляж гостиницы «Бригантина»	Береговое	45.097734	35.433567	Береговое	Пляж гостиницы «Бригантина»	1
attraction_privettur_plyazh_otelya_hollywood_beregovoe	plyazh-otelya-hollywood-beregovoe	Пляж отеля Hollywood	Береговое	45.093374	35.438951	Береговое	Пляж отеля Hollywood	1
attraction_privettur_plyazh_moskovskiy_kerch	plyazh-moskovskiy-kerch	Пляж Московский	Керчь	45.360064	36.468335	Керчь	Пляж Московский	1
attraction_privettur_plyazh_molodezhnyy_kerch	plyazh-molodezhnyy-kerch	Пляж Молодежный	Керчь	45.357369	36.463475	Керчь	Пляж Молодежный	1
attraction_privettur_plyazh_cherepashka_kerch	plyazh-cherepashka-kerch	Пляж Черепашка	Керчь	45.352884	36.469537	Керчь	Пляж Черепашка	1
attraction_privettur_plyazh_sanatoriya_moskva_krym_kerch	plyazh-sanatoriya-moskva-krym-kerch	Пляж санатория «Москва-Крым»	Керчь	45.355782	36.471278	Керчь	Пляж санатория «Москва-Крым»	1
attraction_new_kerchenskaya_krepost	kerchenskaya-krepost	Керченская крепость	Керчь	45.310018	36.474643	Керчь	Керченская крепость	1
attraction_new_sklep_demetri_kerch	sklep-demetri-kerch	Склеп Деметры — достопримечательность Крыма	Керчь	45.359795	36.465547	Керчь	Склеп Деметры	0.8
attraction_new_gryazevoy_vulkan_dzhau_tepe	gryazevoy-vulkan-dzhau-tepe	Грязевой вулкан Джау-Тепе	Керчь	45.150476	35.930545	Керчь	Грязевой вулкан Джау-Тепе	1
attraction_privettur_strausinaya_ferma_ekzotik_kerch	strausinaya-ferma-ekzotik-kerch	Страусиная ферма «Экзотик»	Керчь	45.352702	36.469239	Керчь	Страусиная ферма «Экзотик»	1
attraction_new_krepost_eni_kale	krepost-eni-kale	Крепость Ени-Кале	Керчь	44.629608	33.949688	Керчь	Крепость Ени-Кале	1
attraction_new_gorodische_mirmekiy	gorodische-mirmekiy	Городище Мирмекий	Керчь	44.876937	34.088577	Керчь	Древнее городище Мирмекий	0.8
attraction_melek_chesmenskiy_kurgan	melek-chesmenskiy-kurgan-kerch	Мелек-Чесменский курган	Керчь	45.3648	36.4869	Керчь	Мелек-Чесменский курган	1
attraction_privettur_plyazh_pansionata_goluboy_zaliv_koktebel	plyazh-pansionata-goluboy-zaliv-koktebel	Пляж пансионата «Голубой залив»	Коктебель	44.960265	35.242736	Коктебель	Пляж пансионата «Голубой залив»	1
attraction_privettur_tsentralnyy_plyazh_koktebelya_koktebel	tsentralnyy-plyazh-koktebelya-koktebel	Центральный пляж Коктебеля	Коктебель	44.965299	35.24653	Коктебель	Центральный пляж Коктебеля	1
attraction_privettur_maltiyskiy_plyazh_koktebel	maltiyskiy-plyazh-koktebel	Мальтийский пляж	Коктебель	44.957591	35.248098	Коктебель	Мальтийский пляж	1
attraction_tihaya_buhta_koktebel	tihaya-buhta-koktebel	Тихая бухта	Коктебель	44.967924	35.309895	Коктебель	Пляж Тихая бухта	1
attraction_privettur_plyazh_papay_koktebel	plyazh-papay-koktebel	Пляж «Папай»	Коктебель	44.957436	35.247635	Коктебель	Пляж «Папай»	1
attraction_privettur_plyazh_primore_koktebel	plyazh-primore-koktebel	Пляж «Приморье»	Коктебель	44.965298	35.24674	Коктебель	Пляж «Приморье»	1
attraction_mys_hameleon	mys-hameleon-krym	Мыс Хамелеон	Коктебель	44.962574	35.29471	Коктебель	Мыс Хамелеон	1
attraction_zavod_koktebel	zavod-koktebel	Завод «Коктебель»	Коктебель	44.938	35.158	Коктебель	Винный завод «Коктебель»	0.8
attraction_privettur_park_antilop_safari_ranch_koktebel	park-antilop-safari-ranch-koktebel	Парк антилоп «Сафари Ранч»	Коктебель	44.958837	35.249752	Коктебель	Парк антилоп «Сафари Ранч»	1
attraction_new_dinoteriy_koktebel	dinoteriy-koktebel	Парк птиц "Динотерий" в Коктебеле	Коктебель	44.963537	35.249916	Коктебель	Парк птиц «Динотерий»	0.8
attraction_privettur_ozero_barakol_koktebel	ozero-barakol-koktebel	Озеро Бараколь	Коктебель	44.96299	35.250225	Коктебель	Озеро Бараколь	1
attraction_privettur_naberezhnaya_koktebelya_koktebel	naberezhnaya-koktebelya-koktebel	Набережная Коктебеля	Коктебель	44.958521	35.243723	Коктебель	Набережная Коктебеля	1
attraction_privettur_akvapark_v_koktebele_koktebel	akvapark-v-koktebele-koktebel	Аквапарк в Коктебеле	Коктебель	44.959361	35.243102	Коктебель	Аквапарк в Коктебеле	1
attraction_new_dom_muzey_voloshina_koktebel	dom-muzey-voloshina-koktebel	Дом-музей Максимилиана Волошина	Коктебель	44.960132	35.252112	Коктебель	Дом-музей Максимилиана Волошина	1
attraction_privettur_tsentralnyy_plyazh_kurortnogo_kurortnoe	tsentralnyy-plyazh-kurortnogo-kurortnoe	Центральный пляж Курортного	Курортное	44.911848	35.184537	Курортное	Центральный пляж Курортного	1
attraction_privettur_lvinaya_buhta_kurortnoe	lvinaya-buhta-kurortnoe	Львиная бухта	Курортное	44.911291	35.188498	Курортное	Львиная бухта	1
attraction_privettur_muzey_prirody_kara_daga_kurortnoe	muzey-prirody-kara-daga-kurortnoe	Музей природы Кара-Дага	Курортное	44.911061	35.187695	Курортное	Музей природы Кара-Дага	1
attraction_privettur_tsentralnyy_plyazh_morskogo_morskoe	tsentralnyy-plyazh-morskogo-morskoe	Центральный пляж Морского	Морское	44.828236	34.799196	Морское	Центральный пляж Морского	1
attraction_privettur_mys_ay_foka_morskoe	mys-ay-foka-morskoe	Мыс Ай-Фока	Морское	44.823103	34.8021	Морское	Мыс Ай-Фока	1
attraction_privettur_kamennye_zamki_za_mysom_agira_morskoe	kamennye-zamki-za-mysom-agira-morskoe	Каменные замки за мысом Агира	Морское	44.830564	34.801184	Морское	Каменные замки за мысом Агира	1
attraction_privettur_tsarskiy_plyazh_novyy_svet	tsarskiy-plyazh-novyy-svet	Царский пляж	Новый Свет	44.82874	34.917529	Новый Свет	Царский пляж	1
attraction_privettur_tsentralnyy_plyazh_novogo_sveta_novyy_svet	tsentralnyy-plyazh-novogo-sveta-novyy-svet	Центральный пляж Нового Света	Новый Свет	44.826873	34.913337	Новый Свет	Центральный пляж Нового Света	1
attraction_privettur_naberezhnaya_novogo_sveta_novyy_svet	naberezhnaya-novogo-sveta-novyy-svet	Набережная Нового Света	Новый Свет	44.827146	34.915727	Новый Свет	Набережная Нового Света	1
attraction_golicynskaya_tropa	golicynskaya-tropa-novyy-svet	Голицынская тропа	Новый Свет	44.8219	34.9142	Новый Свет	Тропа Голицына	1
attraction_new_grot_golitsyna_grot_shalyapina	grot-golitsyna-grot-shalyapina	Грот Голицына - грот Шаляпина	Новый Свет	44.821782	34.913374	Новый Свет	Грот Голицына	0.8
attraction_privettur_landshaftnyy_zakaznik_novyy_svet_novyy_svet	landshaftnyy-zakaznik-novyy-svet-novyy-svet	Ландшафтный заказник «Новый Свет»	Новый Свет	44.830591	34.910105	Новый Свет	Ландшафтный заказник «Новый Свет»	1
attraction_privettur_skalnyy_amfiteatr_novyy_svet	skalnyy-amfiteatr-novyy-svet	Скальный амфитеатр	Новый Свет	44.827827	34.911423	Новый Свет	Скальный амфитеатр	1
attraction_privettur_podvodnaya_peschera_legenda_novyy_svet	podvodnaya-peschera-legenda-novyy-svet	Подводная пещера «Легенда»	Новый Свет	44.828922	34.910568	Новый Свет	Подводная пещера «Легенда»	1
attraction_gora_sokol	gora-sokol-novy-svet	Гора Сокол (474 м)	Новый Свет	44.8347	34.9147	Новый Свет	Гора Сокол	0.8
attraction_new_karaul_oba	karaul-oba	Гора Караул-Оба	Новый Свет	44.642295	33.96584	Новый Свет	Гора Караул-Оба	1
attraction_privettur_bosporskaya_krepost_novyy_svet	bosporskaya-krepost-novyy-svet	Боспорская крепость	Новый Свет	44.830521	34.91011	Новый Свет	Боспорская крепость	1
attraction_zavod_shampanskih_vin_novyy_svet	zavod-shampanskih-vin-novyy-svet	Завод шампанских вин «Новый Свет»	Новый Свет	44.8285	34.9133	Новый Свет	Дом шампанских вин «Новый Свет»	0.8888888888888888
attraction_privettur_muzey_istorii_vinodeliya_novyy_svet	muzey-istorii-vinodeliya-novyy-svet	Музей истории виноделия	Новый Свет	44.832739	34.910602	Новый Свет	Музей истории виноделия	1
attraction_privettur_tsentralnyy_plyazh_ordzhonikidze_ordzhonikidze	tsentralnyy-plyazh-ordzhonikidze-ordzhonikidze	Центральный пляж Орджоникидзе	Орджоникидзе	44.96388	35.352608	Орджоникидзе	Центральный пляж Орджоникидзе	1
attraction_privettur_biyuk_yanyshar_ordzhonikidze	biyuk-yanyshar-ordzhonikidze	Биюк-Янышар	Орджоникидзе	44.962049	35.355374	Орджоникидзе	Биюк-Янышар	1
attraction_new_naberezhnaya_ordzhonikidze	naberezhnaya-ordzhonikidze	Набережная Орджоникидзе	Феодосия	45.084723	35.368604	Орджоникидзе	Набережная Орджоникидзе	1
attraction_privettur_tsentralnyy_plyazh_primorskogo_primorskiy	tsentralnyy-plyazh-primorskogo-primorskiy	Центральный пляж Приморского	Приморский	45.117502	35.476291	Приморский, Феодосия	Центральный пляж Приморского	1
attraction_privettur_plyazh_mohito_sudak	plyazh-mohito-sudak	Пляж «Мохито»	Судак	44.8482	34.978597	Судак	Пляж «Мохито»	1
attraction_privettur_plyazh_medvezhonok_sudak	plyazh-medvezhonok-sudak	Пляж «Медвежонок»	Судак	44.851617	34.977809	Судак	Пляж «Медвежонок»	1
attraction_privettur_kolhoznyy_plyazh_sudak	kolhoznyy-plyazh-sudak	Колхозный пляж	Судак	44.8451	34.9747	Судак	Колхозный пляж	1
attraction_privettur_tsentralnyy_plyazh_sudaka_sudak	tsentralnyy-plyazh-sudaka-sudak	Центральный пляж Судака	Судак	44.848405	34.970761	Судак	Центральный пляж Судака	1
attraction_privettur_plyazh_sanatoriya_vvs_sudak	plyazh-sanatoriya-vvs-sudak	Пляж санатория ВВС	Судак	44.845568	34.976578	Судак	Пляж санатория ВВС	1
attraction_privettur_plyazh_tok_sudak_sudak	plyazh-tok-sudak-sudak	Пляж ТОК «Судак»	Судак	44.852809	34.976198	Судак	Пляж ТОК «Судак»	1
attraction_privettur_plyazh_pansionata_zvezdnyy_sudak	plyazh-pansionata-zvezdnyy-sudak	Пляж пансионата «Звездный»	Судак	44.847997	34.978545	Судак	Пляж пансионата «Звездный»	1
attraction_privettur_plyazh_otelya_priboy_sudak	plyazh-otelya-priboy-sudak	Пляж отеля «Прибой»	Судак	44.852336	34.977051	Судак	Пляж отеля «Прибой»	1
attraction_privettur_plyazh_arzy_sudak	plyazh-arzy-sudak	Пляж «Арзы»	Судак	44.852252	34.977163	Судак	Пляж «Арзы»	1
attraction_genuezskaya_krepost_sudak	genuezskaya-krepost-sudak	Генуэзская крепость (Судак)	Судак	44.8417	34.9583	Судак	Генуэзская крепость в Судаке	1
attraction_privettur_grot_eolova_arfa_sudak	grot-eolova-arfa-sudak	Грот «Эолова арфа»	Судак	44.850727	34.978354	Судак	Грот «Эолова арфа»	1
attraction_privettur_zapovednoe_urochische_alchak_kaya_sudak	zapovednoe-urochische-alchak-kaya-sudak	Заповедное урочище Алчак-Кая	Судак	44.848132	34.978581	Судак	Заповедное урочище Алчак-Кая	1
attraction_privettur_kontaktnyy_zoopark_sudak	kontaktnyy-zoopark-sudak	Контактный зоопарк	Судак	44.852925	34.973531	Судак	Контактный зоопарк	1
attraction_privettur_kinoteatr_chayka_sudak	kinoteatr-chayka-sudak	Кинотеатр «Чайка»	Судак	44.846476	34.977719	Судак	Кинотеатр «Чайка»	1
attraction_privettur_akvapark_vodnyy_mir_sudak	akvapark-vodnyy-mir-sudak	Аквапарк «Водный мир»	Судак	44.850269	34.978525	Судак	Аквапарк «Водный мир»	1
attraction_privettur_delfinariy_nemo_sudak	delfinariy-nemo-sudak	Дельфинарий «Немо»	Судак	44.847537	34.978382	Судак	Дельфинарий «Немо»	1
attraction_privettur_krokodilovaya_ferma_sudak	krokodilovaya-ferma-sudak	Крокодиловая ферма	Судак	44.846637	34.977852	Судак	Крокодиловая ферма	1
attraction_privettur_plyazh_sanatoriya_voshod_feodosiya	plyazh-sanatoriya-voshod-feodosiya	Пляж санатория «Восход»	Феодосия	45.033003	35.386245	Феодосия	Пляж санатория «Восход»	1
attraction_privettur_pervyy_gorodskoy_plyazh_feodosiya	pervyy-gorodskoy-plyazh-feodosiya	Первый городской пляж	Феодосия	45.033268	35.386159	Феодосия	Первый городской пляж	1
attraction_privettur_plyazh_dinamo_feodosiya	plyazh-dinamo-feodosiya	Пляж «Динамо»	Феодосия	45.031482	35.386378	Феодосия	Пляж «Динамо»	1
attraction_privettur_zhemchuzhnyy_plyazh_feodosiya	zhemchuzhnyy-plyazh-feodosiya	Жемчужный пляж	Феодосия	45.028881	35.385024	Феодосия	Жемчужный пляж	1
attraction_privettur_plyazh_baunti_feodosiya	plyazh-baunti-feodosiya	Пляж «Баунти»	Феодосия	45.034777	35.379621	Феодосия	Пляж «Баунти»	1
attraction_new_dom_muzey_grina_feodosiya	dom-muzey-grina-feodosiya	Дом-музей Александра Грина	Феодосия	45.03202	35.380498	Феодосия	Музей Александра Грина	0.8
attraction_privettur_muzey_deltaplanerizma_feodosiya	muzey-deltaplanerizma-feodosiya	Музей дельтапланеризма	Феодосия	45.034307	35.379205	Феодосия	Музей дельтапланеризма	1
attraction_new_dacha_stamboli	dacha-stamboli	Дача Стамболи	Феодосия	45.042671	35.382368	Феодосия	Дача Стамболи	1
attraction_privettur_muzey_drevnostey_feodosiya	muzey-drevnostey-feodosiya	Музей древностей	Феодосия	45.031137	35.386327	Феодосия	Музей древностей	1
attraction_privettur_delfinariy_nemo_feodosiya	delfinariy-nemo-feodosiya	Дельфинарий «Немо»	Феодосия	45.034137	35.379084	Феодосия	Дельфинарий «Немо»	1
attraction_privettur_mesto_dlya_potseluev_feodosiya	mesto-dlya-potseluev-feodosiya	Место для поцелуев	Феодосия	45.035634	35.383833	Феодосия	Место для поцелуев	1
attraction_privettur_yubileynyy_park_feodosiya	yubileynyy-park-feodosiya	Юбилейный парк	Феодосия	45.027807	35.38445	Феодосия	Юбилейный парк	1
attraction_new_komsomolskiy_park_feodosiya	komsomolskiy-park-feodosiya	Комсомольский парк	Феодосия	45.047406	35.382914	Феодосия	Комсомольский парк	1
attraction_privettur_vvedenskaya_tserkov_feodosiya	vvedenskaya-tserkov-feodosiya	Введенская церковь	Феодосия	45.035052	35.379937	Феодосия	Введенская церковь	1
attraction_privettur_bashnya_fomy_feodosiya	bashnya-fomy-feodosiya	Башня Фомы	Феодосия	45.030147	35.385995	Феодосия	Башня Фомы	1
attraction_privettur_genuezskaya_krepost_kafa_feodosiya	genuezskaya-krepost-kafa-feodosiya	Генуэзская крепость Кафа	Феодосия	45.029721	35.385755	Феодосия	Генуэзская крепость Кафа	1
attraction_privettur_hram_iverskoy_ikony_feodosiya	hram-iverskoy-ikony-feodosiya	Храм Иверской иконы	Феодосия	45.0339	35.378936	Феодосия	Храм Иверской иконы	1
attraction_privettur_tserkov_svyatoy_ekateriny_feodosiya	tserkov-svyatoy-ekateriny-feodosiya	Церковь Святой Екатерины	Феодосия	45.027961	35.381705	Феодосия	Церковь Святой Екатерины	1
attraction_new_mys_chauda	mys-chauda	Мыс Чауда	Феодосия	45.013109	35.421111	Феодосия	Мыс Чауда	1
attraction_privettur_tsentralnyy_plyazh_schelkino_schelkino	tsentralnyy-plyazh-schelkino-schelkino	Центральный пляж Щёлкино	Щёлкино	45.4307	35.825764	Щёлкино	Центральный пляж Щёлкино	1
attraction_privettur_plyazh_v_russkoy_buhte_schelkino	plyazh-v-russkoy-buhte-schelkino	Пляж в Русской бухте	Щёлкино	45.430937	35.825616	Щёлкино	Пляж в Русской бухте	1
attraction_mys_kazantip	mys-kazantip-krym	Мыс Казантип	Щёлкино	45.460731	35.844585	Щёлкино	Мыс Казантип	1