attraction_lastochkino_gnezdo	Замок «Ласточкино гнездо»	Гаспра	Алупкинское шоссе, 9А	44.43066	34.12847
attraction_vorontsovskiy_dvorets	Воронцовский дворец	Алупка	Дворцовое шоссе, 18	44.419886	34.055884
attraction_livadiyskiy_dvorets	Ливадийский дворец	Ливадия	ул. Батурина, 44а	44.467792	34.143611
attraction_massandrovskiy_dvorets	Массандровский дворец	Массандра	посёлок Массандра, городской округ Ялта	44.517	34.203
attraction_hanskiy_dvorets	Ханский дворец (Бахчисарайский)	Бахчисарай	ул. Речная, 133	44.7482	33.8822
attraction_dvorets_haraks	Дворец Харакс	Гаспра	Алупкинское шоссе, 13, корпус 1	44.43009	34.1151
attraction_dvorets_dyulber	Дворец Дюльбер	Кореиз	Алупкинское шоссе, 1	44.4295	34.0957
attraction_dvorets_kichkine	Дворец Кичкине	Гаспра	Алупкинское шоссе, 1	44.43747	34.1306
attraction_dvorets_mellas	Дворец Меллас	Санаторное	ул. Гагарина, 15	44.4018	33.8253
attraction_dvorets_knyagini_gagarinoy	Дворец княгини Гагариной	Утёс	территория санатория «Утёс»	44.59336	34.36871
attraction_yusupovskiy_dvorets	Юсуповский дворец (Кореиз)	Кореиз	Парковый спуск, 26	44.432416	34.089559
attraction_mangup_kale	Мангуп-Кале	Ходжа-Сала	плато Баба-Даг, район села Ходжа-Сала	44.594	33.803
attraction_chufut_kale	Чуфут-Кале	Бахчисарай	Староселье, плато Чуфут-Кале	44.735589	33.931142
attraction_eski_kermen	Эски-Кермен	Красный Мак	район сёл Красный Мак, Холмовка и Залесное	44.6095	33.74
attraction_tepe_kermen	Тепе-Кермен	Кудрино	район сёл Кудрино и Машино	44.715895	33.931037
attraction_kachi_kalon	Качи-Кальон	Предущельное	район села Предущельное	44.694638	33.887129
attraction_bakla	Бакла	Скалистое	район села Скалистое	44.81	34.0042
attraction_genuezskaya_krepost_sudak	Генуэзская крепость (Судак)	Судак	ул. Генуэзская Крепость, 1	44.8417	34.9583
attraction_krepost_chembalo	Крепость Чембало в Балаклаве	Балаклава	гора Кастрон, Балаклава	44.494623	33.59875
attraction_arabatskaya_krepost	Арабатская крепость	Каменское	район села Каменское, у основания Арабатской стрелки	45.2957	35.4785
attraction_aluston_krepost	Остатки крепости Алустон	Алушта	исторический центр Алушты, ул. 15 Апреля	44.6769	34.4102
attraction_bashnya_konstantina_feodosiya	Башня Константина (Феодосия)	Феодосия	Юбилейный парк, Феодосия	45.0319	35.3825
attraction_bashnya_dzhovanni_di_skaffa	Башня Джованни ди Скаффа (Феодосия)	Феодосия	район Карантина, Феодосия	45.0205	35.4034
attraction_krepost_funa	Руины крепости Фуна	Лучистое	2 км к северу от села Лучистое, у подножия Южной Демерджи	44.7524	34.3867
attraction_mramornaya_peshchera	Мраморная пещера	Мраморное	нижнее плато Чатыр-Дага, район села Мраморное	44.7969	34.2794
attraction_krasnaya_peshchera_kizil_koba	Красная пещера (Кизил-Коба)	Перевальное	район села Перевальное, долина Кизил-Коба	44.8702	34.3442
attraction_emine_bair_hosar	Эмине-Баир-Хосар (Мамонтовая)	Мраморное	нижнее плато Чатыр-Дага, рядом с Мраморной пещерой	44.8013	34.2895
attraction_skelskaya_peshchera	Скельская пещера	Родниковское	Байдарская долина, район села Родниковское	44.4659	33.8781
attraction_peshchera_tavrida	Пещера Таврида	Зуя	Республика Крым, посёлок Зуя	45.0574	34.3211
attraction_dzhur_dzhur_vodopad	Водопад Джур-Джур	Генеральское	Хапхальское ущелье, район села Генеральское	44.8057	34.4592
attraction_trehglazka_emine_bair_koba	Трёхглазка (Эмине-Баир-Коба)	Мраморное	нижнее плато Чатыр-Дага, рядом с Мраморной пещерой	44.8019	34.2876
attraction_ayanskaya_nikitskaya_rasselina	Аянская расселина (Никитская)	Никита	район посёлка Никита, выше трассы Ялта - Алушта	44.5156	34.2408
attraction_bezdonnyy_kolodets	Провал — Бездонный колодец	Мраморное	плато Чатыр-Даг, район Мраморной пещеры	44.8064	34.2859
attraction_ai_petri	Гора Ай-Петри (1234 м)	Ай-Петри	Ай-Петринская яйла, над Мисхором и Алупкой	44.4519	34.0608
attraction_roman_kosh	Гора Роман-Кош (1545 м)	Бабуган-яйла	Бабуган-яйла, территория природоохранного массива	44.6128	34.2347
attraction_chatyr_dag	Чатыр-Даг (яйла, 1527 м)	Чатыр-Даг	горный массив Чатыр-Даг, между Симферополем и Алуштой	44.7653	34.2878
attraction_demerdzhi_severnaya	Демерджи Северная (1356 м)	Демерджи	Демерджи-яйла, район Алушты	44.7928	34.4103
attraction_ayu_dag	Аю-Даг (Медведь-гора, 572 м)	Партенит	между Партенитом и Гурзуфом	44.5587	34.3326
attraction_gora_mitridat	Гора Митридат (Феодосия)	Феодосия	гора Митридат, район Митридатской и Нагорной улиц	45.01972	35.38944
attraction_belaya_skala_ak_kaya	Белая скала (Ак-Кая, 325 м)	Белогорск	район села Белая Скала, Белогорский район	45.1043	34.6241
attraction_gora_koshka	Гора Кошка (253 м)	Симеиз	Симеиз, южнобережное шоссе	44.4034	33.9976
attraction_gora_sokol	Гора Сокол (474 м)	Новый Свет	между Судаком и Новым Светом	44.8347	34.9147
attraction_alchak_kaya	Гора Алчак (152 м)	Судак	восточная окраина Судака, мыс Алчак-Кая	44.8341667	34.9922222
attraction_uzun_syrt_klementieva	Узун-Сырт (гора Клементьева, 320 м)	Коктебель	район Коктебеля и долины Бараколь	45.0128	35.243
attraction_agarmysh	Агармыш (722 м)	Старый Крым	севернее города Старый Крым	45.0328	35.0878
attraction_ilyas_kaya	Гора Ильяс-Кая (685 м)	Ласпи	район Ласпи и Фороса, Байдарская яйла	44.4158	33.7389
attraction_enikale_krepost	Еникальская крепость	Керчь	Керчь, район Еникальского шоссе, берег Керченского пролива	45.350833	36.603056
attraction_kalamita_krepost	Инкерманская крепость Каламита	Инкерман	Инкерман, Монастырская скала, рядом со Свято-Климентовским монастырём	44.603475	33.608926
attraction_kush_kaya	Гора Куш-Кая	Ласпи	район бухты Ласпи и урочища Батилиман	44.425131	33.67988
attraction_sapun_gora	Сапун-гора, Севастополь	Севастополь	Ялтинское шоссе, мемориальный комплекс Сапун-гора	44.552	33.584
attraction_babugan_yayla	Бабуган-яйла	Алушта	Главная гряда Крымских гор, территория Крымского природного заповедника	44.63	34.29
attraction_chilter_marmara	Гора Чилтер-Кая и пещерный монастырь Чилтер-Мармара	Терновка	район села Терновка, гора Чилтер-Кая	44.5956	33.732
attraction_meganom	Мыс-гора Меганом	Судак	юго-восточнее Судака, район Капселя и Солнечной Долины	44.794156	35.080172
attraction_ai_georgiy	Гора Ай-Георгий	Судак	восточнее Судака, район посёлка Долинный	44.86749	35.0178
attraction_haphal_demerdzhi	Хапхал, Демерджи-яйла и водопад Джур-Джур	Генеральское	ущелье Хапхал, район села Генеральское	44.809281	34.445805
attraction_smotrovaya_ai_petri	Смотровая Ай-Петри, 1234 м	Ай-Петри	плато Ай-Петри над Алупкой, Кореизом и Мисхором	44.451625	34.060326
attraction_besedka_vetrov	Беседка Ветров, гора Шаган-Кая	Гурзуф	гора Шаган-Кая, Гурзуфская яйла	44.578106	34.225293
attraction_laspinskiy_pereval	Ласпинский перевал, смотровая площадка	Ласпи	дорога Севастополь — Ялта, район бухты Ласпи	44.428279	33.707473
attraction_smotrovaya_mysa_fiolent	Смотровая мыса Фиолент	Фиолент	мыс Фиолент, Балаклавский район Севастополя	44.50062	33.48759
attraction_smotrovaya_gory_koshka_simeiz	Смотровая горы Кошка, Симеиз	Симеиз	гора Кошка, Симеиз	44.4034	33.9976
attraction_smotrovaya_u_forosskoj_cerkvi	Смотровая у Форосской церкви	Форос	Красная скала над Форосом, рядом с храмом Воскресения Христова	44.4049	33.7881
attraction_smotrovaya_gory_alchak_sudak	Смотровая горы Алчак, Судак	Судак	восточная окраина Судака, мыс Алчак-Кая	44.835	34.994729
attraction_smotrovaya_mysa_plaka	Смотровая мыса Плака	Утёс	мыс Плака, посёлок Утёс	44.591175	34.367648
attraction_ploshchadka_kamennyj_naves	Площадка Каменный навес	Аю-Даг	гора Аю-Даг, район Партенита и Гурзуфа	44.5587	34.3326
attraction_smotrovaya_chufut_kale_burulchak	Смотровая Чуфут-Кале, плато Бурульчак	Бахчисарай	плато Чуфут-Кале над Бахчисараем	44.731944	33.933056
attraction_serebryanaya_besedka_yalta_bakhchisaray	Смотровая Серебряная беседка	Ай-Петри	дорога Ялта — Ай-Петри — Бахчисарай, гора Пендикюль	44.4701	34.08315
attraction_baydarskie_vorota	Байдарские ворота	Форос	Байдарский перевал, старая дорога между Байдарской долиной и Форосом	44.406242	33.781932
attraction_smotrovaya_gory_sokol_novyj_svet	Смотровая горы Сокол, Новый Свет	Новый Свет	гора Сокол между Судаком и Новым Светом	44.836333	34.925215
attraction_hram_ioanna_predtechi_kerch	Храм Святого Иоанна Предтечи	Керчь	пер. Димитрова, 2	45.351405	36.476034
attraction_sasyk_sivash_rozovoe_ozero	Озеро Сасык-Сиваш (Розовое озеро)	Саки	между Евпаторией и Саками, район Прибрежного	45.187484	33.506504
attraction_storozhevoy_utes_smotrovaya	Смотровая площадка «Сторожевой утёс»	Соколиное	район Большого каньона Крыма	44.528127	34.019346
attraction_smotrovaya_gory_mitridat_kerch	Смотровая площадка горы Митридат	Керчь	гора Митридат, центр Керчи	45.350701	36.469735
attraction_shaytan_merdven_smotrovaya	Смотровая площадка «Шайтан-Мердвен»	Форос	район Фороса и старого перевала Шайтан-Мердвен	44.446047	33.834918
attraction_park_ayvazovskoe_partenit	Парк «Айвазовское» в Партените	Партенит	ул. Васильченко, 1А	44.582646	34.344238
attraction_karantinnye_vorota_feodosiya	Крепостные ворота «Карантин»	Феодосия	Карантинный холм, старая часть Феодосии	45.022255	35.39912
attraction_centr_vinodeliya_massandra	Центр Виноделия Массандра	Массандра	ул. Винодела Егорова, 9, Массандра	44.5189	34.1884
attraction_zavod_shampanskih_vin_novyy_svet	Завод шампанских вин «Новый Свет»	Новый Свет	ул. Шаляпина, 1, Новый Свет	44.8285	34.9133
attraction_zavod_inkerman	Завод «Инкерман»	Инкерман	ул. Малиновского, 20, Инкерман	44.6101	33.6027
attraction_zavod_koktebel	Завод «Коктебель»	Коктебель	Коктебель, район Щебетовки	44.938	35.158
attraction_solnechnaya_dolina_vinodelnya	Завод «Солнечная долина»	Солнечная Долина	с. Солнечная Долина, Судакский регион	44.858945	35.04787
attraction_polyana_skazok_yalta	Поляна сказок	Ялта	ул. Кирова, район Поляны сказок, Ялта	44.4953	34.1011
attraction_yaltinskiy_zoopark_skazka	Ялтинский зоопарк «Сказка»	Ялта	ул. Кирова, 156, Ялта	44.4958	34.1002
attraction_istochnik_paniya_bolshoy_kanon	Источник Пания	Большой каньон Крыма	Большой каньон Крыма, район села Соколиное	44.522222	34.003333
attraction_krymskaya_astrofizicheskaya_observatoriya	Крымская астрофизическая обсерватория	Научный	пгт Научный, Бахчисарайский район	44.7277	34.013
attraction_simferopolskoe_vodohranilishche	Симферопольское водохранилище	Симферополь	юго-восточная окраина Симферополя, район Лозового	44.923187	34.154657
attraction_yashmovy_plyazh_fiolent	Яшмовый пляж	Фиолент	мыс Фиолент, район Георгиевского монастыря	44.5047	33.507
attraction_kara_dag_krym	Кара-Даг	Коктебель	между Коктебелем и Курортным, восточный Крым	44.9141	35.2308
attraction_tihaya_buhta_koktebel	Тихая бухта	Коктебель	между Коктебелем и Орджоникидзе	44.967924	35.309895
attraction_smotrovaya_simferopol_holm	Смотровая площадка в Симферополе на холме	Симферополь	район Макуриной горки и Студенческой улицы, Симферополь	44.9526	34.108
attraction_smotrovaya_mysa_ayya	Смотровая площадка мыса Айя	Балаклава	район заказника «Мыс Айя», Балаклавский район Севастополя	44.4272616	33.6561862
attraction_smotrovaya_mangup_kale	Смотровая Мангуп-Кале	Ходжа-Сала	плато Мангуп-Кале, район села Ходжа-Сала	44.6	33.8
attraction_mys_fiolent	Мыс Фиолент	Фиолент	Балаклавский район Севастополя	44.504763	33.500234
attraction_mys_tarhankut	Мыс Тарханкут	Оленевка	мыс Тарханкут, район Оленевки	45.347618	32.494822
attraction_mys_kazantip	Мыс Казантип	Щёлкино	север Керченского полуострова, район Щёлкино и Мысового	45.460731	35.844585
attraction_mys_hameleon	Мыс Хамелеон	Коктебель	между Коктебелем и Тихой бухтой	44.962574	35.29471
attraction_mys_ay_todor	Мыс Ай-Тодор	Гаспра	Гаспра, Южный берег Крыма	44.42958	34.127788
attraction_mys_plaka	Мыс Плака	Утёс	посёлок Утёс, городской округ Алушта	44.591175	34.367648
attraction_mys_martyan_zapovednik	Мыс Мартьян	Никита	район Никитского ботанического сада	44.5077	34.2465
attraction_mys_alchak_sudak	Мыс Алчак	Судак	восточная окраина Судака, мыс Алчак-Кая	44.8330556	34.9916667
attraction_mys_svyatogo_ilii_feodosiya	Мыс Святого Ильи	Феодосия	мыс Святого Ильи, юго-восточная окраина Феодосии	45.0127	35.4209
attraction_mys_opuk	Мыс Опук	Керченский полуостров	Опукский природный заповедник, юг Керченского полуострова	45.0333	36.2208
attraction_mys_lukull	Мыс Лукулл	Андреевка	побережье Каламитского залива, район Андреевки и Углового	44.839444	33.554444
attraction_uchan_su_vodopad	Водопад Учан-Су	Ялта	склон Ай-Петри, дорога Ялта - Бахчисарай	44.492	34.092
attraction_dzhur_dzhur_vodopad_15m	Водопад Джур-Джур (15 м)	Генеральское	ущелье Хапхал, район села Генеральское	44.805365	34.459533
attraction_serebryanye_strui_bolshoy_kanon	Водопад Серебряные струи	Соколиное	район Большого каньона Крыма	44.526	34.018
attraction_vodopad_golovkinskogo	Водопад Головкинского	Алушта	ущелье Яман-Дере, горный район Алушты	44.668462	34.303285
attraction_vodopad_kozyrek_laspi	Водопад Козырёк	Передовое	ручей Кобалар-Су, район села Передовое	44.506	33.819
attraction_vodopad_dzhurla	Водопад Джурла	Лучистое	район массива Демерджи и села Лучистое	44.753	34.408
attraction_plachushchaya_skala	Плачущая скала	Пожарское	долина Западного Булганака, район села Пожарское	44.93417	33.84556
attraction_vodopad_sotera	Водопад Сотера	Сотера	долина реки Сотера / Алака, район трассы Алушта - Судак	44.743	34.486
attraction_vodopad_merdven_tuby	Водопад Мердвен-Тубю	Родное	район села Родное и грота Коба-Чаир	44.548413	33.739855
attraction_shtangeevskaya_tropa	Штангеевская тропа	Ялта	район водопада Учан-Су и Ставри-Кая	44.4993	34.0922
attraction_koreizskaya_tropa_ai_petri	Кореизская тропа на Ай-Петри	Кореиз	подъём от Кореиза к плато Ай-Петри	44.4416	34.0768
attraction_tropa_ifigenii_fiolent	Тропа Ифигении	Фиолент	мыс Фиолент, береговые тропы у Севастополя	44.473889	33.633889
attraction_tarakhtashskaya_tropa_sudak_sokol	Тропа «Таракташская»	Судак	район Судака, Нового Света и горы Сокол	44.8358	34.9294
attraction_marshrut_urochishche_haphal	Маршрут по урочищу Хапхал	Генеральское	район села Генеральское и водопада Джур-Джур	44.8054	34.4592
attraction_marshrut_bolshogo_kanona_yablonevyy_brod	Маршрут Большого каньона	Большой каньон Крыма	район села Соколиное и Большого каньона Крыма	44.5247	34.0116
attraction_svyato_uspenskiy_peshchernyy_monastyr	Свято-Успенский пещерный монастырь	Бахчисарай	ущелье Марьям-Дере, Бахчисарай	44.7489	33.9101
attraction_forosskaya_cerkov_voskreseniya	Форосская церковь	Форос	Красная скала над Форосом	44.4046	33.7879
attraction_ruiny_pantikapeya	Руины Пантикапея	Керчь	гора Митридат, центр Керчи	45.3512	36.4721
attraction_pamyatnik_zatoplennym_korablyam	Памятник затопленным кораблям	Севастополь	Приморский бульвар, Севастопольская бухта	44.618333	33.524444
attraction_malahov_kurgan_memorial	Малахов курган	Севастополь	Корабельная сторона, Севастополь	44.6039	33.5482
attraction_sapun_gora_diorama_memorial	Сапун-гора	Севастополь	Ялтинское шоссе, район Сапун-горы	44.552	33.584
attraction_krymskiy_kerchenskiy_most	Крымский мост	Керчь	Керченский пролив, подъезды со стороны Керчи и Тамани	45.273	36.55
attraction_melek_chesmenskiy_kurgan	Мелек-Чесменский курган	Керчь	Керчь, район автовокзала и реки Мелек-Чесме	45.3648	36.4869
attraction_hanskoe_kladbishche_bakhchisaray	Ханское кладбище Бахчисарая	Бахчисарай	территория Ханского дворца, Бахчисарай	44.7482	33.8811
attraction_mayak_mysa_sarych	Маяк мыса Сарыч	Форос	район мыса Сарыч между Форосом и Ласпи	44.3872	33.7387
attraction_inkermanskiy_peshchernyy_monastyr	Инкерманский пещерный монастырь	Инкерман	Симферопольское шоссе, 17, Инкерман	44.60432	33.60776
attraction_svyato_georgievskiy_monastyr_fiolent	Свято-Георгиевский монастырь	Фиолент	мыс Фиолент, район Яшмового пляжа	44.505185	33.510334
attraction_kosmo_damianovskiy_monastyr	Косьмо-Дамиановский монастырь	Крымский заповедник	район источника Савлух-Су, Крымский природный заповедник	44.7425	34.362222
attraction_vladimirskiy_sobor_usypalnitsa_admiralov	Владимирский собор — усыпальница адмиралов	Севастополь	ул. Суворова, 3, Севастополь	44.610389	33.523472
attraction_armyanskaya_cerkov_svyatoy_ripsime_yalta	Армянская церковь Святой Рипсиме	Ялта	ул. Загородная, 3, Ялта	44.501175	34.165314
attraction_mechet_dzhuma_dzhami_evpatoriya	Мечеть Джума-Джами	Евпатория	ул. Революции, 36, Евпатория	45.195966	33.377369
attraction_tekie_dervishey_evpatoriya	Текие дервишей	Евпатория	ул. Караева, 18, Евпатория	45.199515	33.380578
attraction_peshchernyy_monastyr_shuldan	Пещерный монастырь Шулдан	Терновка	скальный массив Шулдан, район села Терновка	44.591267	33.771793
attraction_monastyr_surb_hach_stary_krym	Монастырь Сурб-Хач	Старый Крым	лесная дорога рядом со Старым Крымом	45.000459	35.062593
attraction_bolshaya_mitridatskaya_lestnitsa	Большая Митридатская лестница	Керчь	центр Керчи, подъём на гору Митридат	45.351	36.472
attraction_buhta_laspi	Бухта Ласпи	Ласпи	район бухты Ласпи, трасса Ялта - Севастополь	44.410184	33.702472
attraction_buhta_batiliman	Бухта Батилиман	Батилиман	урочище Батилиман, между бухтой Ласпи и мысом Айя	44.420163	33.68349
attraction_buhty_novogo_sveta	Бухты Нового Света	Новый Свет	посёлок Новый Свет, бухты у тропы Голицына	44.821834	34.9116
attraction_ozero_donuzlav	Озеро Донузлав	Донузлав	озеро Донузлав, западный Крым	45.351048	33.024427
attraction_cherepashye_ozero_yalta	Черепашье озеро	Ялта	Бахчисарайское шоссе, дорога Ялта - Ай-Петри	44.47515	34.08556
attraction_goluboe_ozero_bolshoy_kanon	Голубое озеро	Большой каньон Крыма	Большой каньон Крыма, район села Соколиное	44.527965	34.021912
attraction_vanna_molodosti_bolshoy_kanon	Ванна Молодости	Большой каньон Крыма	Большой каньон Крыма, район села Соколиное	44.525559	34.007805
attraction_mangupskoe_ozero	Мангупское озеро	Ходжа-Сала	село Ходжа-Сала, у подножия Мангуп-Кале	44.608543	33.787639
attraction_aktashskoe_ozero	Акташское озеро	Щёлкино	север Керченского полуострова, район Щёлкино и Мысового	45.372511	35.802703
attraction_chokrakskoe_ozero	Чокракское озеро	Курортное	район села Курортное, север Керченского полуострова	45.456222	36.295861
attraction_ozero_liman_saki	Озеро Лиман	Саки	район города Саки и посёлка Прибрежное	45.11939	33.556262
attraction_bolshoy_kanon_kryma	Большой каньон Крыма	Соколиное	район села Соколиное, северные склоны Ай-Петринской яйлы	44.527778	34.016667
attraction_skala_zolotye_vorota_karadag	Скала Золотые Ворота	Кара-Даг	акватория Кара-Дага, между Коктебелем и Курортным	44.914635	35.231485
attraction_skaly_adalary_gurzuf	Скалы Адалары	Гурзуф	акватория Гурзуфской бухты	44.543867	34.293888
attraction_skala_diva_simeiz	Скала Дива	Симеиз	посёлок Симеиз, у центрального пляжа	44.400785	34.001045
attraction_skala_monah_simeiz	Скала Монах	Симеиз	Симеиз, каменный хаос между скалами Дива и Панеа	44.40069	34.00072
attraction_skala_parus_gaspra	Скала Парус	Гаспра	Гаспра, район мыса Ай-Тодор и санатория «Парус»	44.433452	34.130806
attraction_hram_solntsa_ilyas_kaya	Храм Солнца	Ласпи	скальный комплекс Тышлар у горы Ильяс-Кая, район Ласпи	44.4239	33.7412
attraction_dolina_privideniy_demerdzhi	Долина Привидений	Лучистое	склоны Южной Демерджи, район села Лучистое	44.7306	34.4111
attraction_sfinksy_karalezskoy_doliny	Сфинксы Каралезской долины	Залесное	село Залесное, Каралезская долина	44.628427	33.792013
attraction_ushchele_gyaur_bah_karadag	Ущелье Гяур-Бах	Курортное	район Карадагской биостанции, пгт Курортное	44.9102	35.2058
attraction_bulganakskie_gryazevye_vulkany	Булганакские грязевые вулканы	Бондаренково	долина Булганак, район Бондаренково и Керчи	45.425	36.4736
attraction_skala_krylo_lebedya_simeiz	Скала Крыло Лебедя	Симеиз	юго-западные окрестности Симеиза, между Симеизом и Голубым Заливом	44.400462	33.994272
attraction_nikitskiy_botanicheskiy_sad	Никитский ботанический сад	Никита	посёлок Никита, Никитский спуск, 52	44.5092	34.2396
attraction_vorontsovskiy_park	Воронцовский парк	Алупка	Алупка, территория Воронцовского дворцово-паркового музея	44.422177	34.058462
attraction_forosskiy_park	Форосский парк	Форос	посёлок Форос, территория Форосского парка	44.3897	33.7819
attraction_park_montedor_nikita	Парк Монтедор	Никита	посёлок Никита, территория Никитского ботанического сада	44.51092	34.232649
attraction_massandrovskiy_park	Массандровский парк	Массандра	Массандра, территория Массандровского дворца и парка	44.5163	34.2014
attraction_harakskiy_park_gaspra	Харакский парк	Гаспра	Гаспра, территория дворца Харакс	44.4307	34.1167
attraction_miskhorskiy_park	Мисхорский парк	Мисхор	Мисхор, между Алупкинским шоссе и побережьем	44.4297	34.0919
attraction_simferopolskiy_botanicheskiy_sad	Симферопольский ботанический сад	Симферополь	проспект Академика Вернадского, 2, Симферополь	44.942524	34.131095
attraction_primorskiy_park_yalta	Приморский парк	Ялта	Ялта, западная часть набережной	44.4893	34.1589
attraction_park_molodezhnyy_evpatoriya	Парк «Молодёжный»	Евпатория	Евпатория, район городских жилых кварталов и озера Мойнаки	45.1984	33.3549
attraction_mozhzhevelovaya_roshcha_novyy_svet	Можжевеловая роща	Новый Свет	посёлок Новый Свет, природный заказник	44.8206	34.909
attraction_olivkovaya_roshcha_partenit	Оливковая роща	Партенит	Партенит, район парка Айвазовское	44.5828	34.3442
attraction_bukovyy_les_haphal	Буковый лес Хапхала	Хапхал	урочище Хапхал, район водопада Джур-Джур	44.807	34.458
attraction_lavandovye_polya_bakhchisaray	Лавандовые поля	Тургеневка	район села Тургеневка, Бахчисарайский район	44.703068	33.852679
attraction_kiparisovaya_alleya_alupka	Кипарисовая аллея	Алупка	Алупка, территория Воронцовского парка	44.4204	34.0582
attraction_staryy_dub_ak_kaya	Старый дуб у Ак-Кая	Ак-Кая	район Белой скалы Ак-Кая, Белогорский район	45.1048	34.626
attraction_krymskiy_prirodnyy_zapovednik	Крымский природный заповедник	Крымский заповедник	горно-лесная часть Главной гряды Крыма	44.666667	34.35
attraction_yaltinskiy_gorno_lesnoy_zapovednik	Ялтинский горно-лесной заповедник	Ялта	горно-лесная зона над Ялтой, от Фороса до Гурзуфа	44.475	34.09
attraction_karadagskiy_prirodnyy_zapovednik	Карадагский природный заповедник	Курортное	между Коктебелем и Курортным, Карадагская биостанция	44.9137	35.2036
attraction_kazantipskiy_prirodnyy_zapovednik	Казантипский природный заповедник	Мысовое	мыс Казантип, район Мысового и Щёлкино	45.45745	35.83978
attraction_hersones_tavricheskiy	Херсонес Таврический	Севастополь	Древняя улица, 1, Севастополь	44.613611	33.492778
attraction_novyy_hersones	Новый Херсонес	Севастополь	район Херсонеса Таврического, Севастополь	44.6075	33.490556
attraction_panorama_oborony_sevastopolya	Панорама обороны Севастополя	Севастополь	Исторический бульвар, Севастополь	44.5956	33.5238
attraction_mihaylovskaya_batareya	Михайловская батарея	Севастополь	ул. Громова, 35/1, Северная сторона, Севастополь	44.627778	33.525833
attraction_galereya_ayvazovskogo	Галерея Айвазовского	Феодосия	ул. Галерейная, 2, Феодосия	45.0311	35.3828
attraction_muzey_chehova_yalta	Музей А. П. Чехова	Ялта	ул. Кирова, 112, Ялта	44.5006	34.144
attraction_kerchenskiy_istoriko_arheologicheskiy_muzey	Историко-археологический музей	Керчь	ул. Свердлова, 22, Керчь	45.3517	36.4756
attraction_feodosiyskiy_muzey_deneg	Феодосийский музей денег	Феодосия	Феодосия, исторический центр	45.0299	35.3799
attraction_centralnyy_muzey_tavridy	Центральный музей Тавриды	Симферополь	ул. Гоголя, 14, Симферополь	44.9507	34.1025
attraction_adzhimushkayskie_kamenolomni_muzey	Аджимушкайские каменоломни	Аджимушкай	посёлок Аджимушкай, район Керчи	45.3823	36.5207
attraction_morskoy_muzey_balaklava	Морской музей	Балаклава	Таврическая набережная, 22, Балаклава	44.5011	33.5966
attraction_solnechnaya_tsarskaya_tropa	Солнечная тропа	Ливадия	маршрут от Ливадийского дворца в сторону Ореанды и Гаспры	44.450975	34.1268
attraction_golicynskaya_tropa	Голицынская тропа	Новый Свет	посёлок Новый Свет, начало у набережной	44.8219	34.9142
attraction_botkinskaya_tropa	Боткинская тропа	Ялта	горно-лесная зона над Ялтой, маршрут к Ставри-Кая	44.49632	34.118948
attraction_new_kostel_uspeniya_bogoroditsy_kerch	Костёл Успения Богородицы (Керчь)	Керчь	официальный католический ресурс указывает Керчь, ул. Театральная, 32; в картах возможны расхождения		
attraction_new_koyashskoe_ozero	Кояшское озеро	Керчь			
attraction_new_krasnaya_gorka_evpatoriya	Красная горка (Евпатория)	Евпатория			
attraction_new_krasnye_plyazhi_kalamitskogo_zaliva	Красные пляжи Каламитского залива	Евпатория			
attraction_new_krepost_eni_kale	Крепость Ени-Кале	Керчь	Керчь, Крым	45.358717	36.470409
attraction_new_krepost_kalamita	Крепость Каламита	Севастополь			
attraction_new_krestovaya_skala	Крестовая скала	Ялта			
attraction_new_krestovozdvizhenskaya_tserkov_livadiya	Крестовоздвиженская церковь при Ливадийском дворце	Ялта			
attraction_new_krokodilyarium_yalta	Крокодиляриум (Ялта)	Ялта	Ялта, Крым	44.491261	34.166995
attraction_new_krymskaya_dolina_himer	Крымская долина химер	Бахчисарай			
attraction_new_krymskiy_akademicheskiy_teatr_gorkogo	Крымский академический театр имени Горького	Симферополь	Симферополь, ул. Пушкина, 15		
attraction_new_krymskiy_etnograficheskiy_muzey	Крымский этнографический музей	Симферополь	Симферополь, ул. Пушкина, 18		
attraction_new_kupalni_roffe	Купальни Роффе	Ялта			
attraction_new_kurgan_kul_oba	Курган Куль-Оба	Керчь			
attraction_new_kurortnyy_park_saki	Курортный парк Саки	Евпатория			
attraction_new_kutlakskaya_krepost	Кутлакская крепость	Судак			
attraction_new_kuchuk_lambatskiy_kamennyy_haos	Кучук-Ламбатский каменный хаос	Симферополь			
attraction_new_kyz_kermen	Кыз-Кермен	Бахчисарай			
attraction_new_lebyazhi_ostrova	Лебяжьи острова	Научный			
attraction_new_lisya_buhta	Лисья бухта	Коктебель			
attraction_new_literaturno_hudozhestvennyy_muzey	Литературно-художественный музей Старого Крыма	Коктебель			
attraction_new_lyuteranskaya_kirha_uyutnoe	Лютеранская кирха в Судаке	Судак			
attraction_new_eski_dyurbe	Мавзолей Эски-Дюрбе	Бахчисарай			
attraction_new_maksimova_dacha	Максимова дача в Севастополе	Севастополь			
attraction_new_malaya_mitridatskaya_lestnitsa	Малая Митридатская лестница	Керчь			
attraction_new_kanatnaya_doroga_yalta_gorka	Малая канатная дорога Ялта — Горка	Ялта			
attraction_new_malorechenskoe_park_knyazhevichey	Малореченский парк Княжевичей	Алушта			
attraction_new_malyy_ierusalim	Малый Иерусалим в Евпатории	Евпатория			
attraction_new_marsianskoe_ozero	Марсианское озеро в Крыму	Бахчисарай	Бахчисарай, Крым	44.811968	33.9804
attraction_new_bereg_kamennyh_krokodilov	Маршрут "Берег каменных крокодилов"	Щёлкино			
attraction_new_massandra_beach	Массандровский пляж в Ялте	Ялта	Ялта, Крым	44.500232	34.169568
attraction_new_matrosskiy_bulvar	Матросский бульвар в Севастополе	Севастополь			
attraction_new_matrosskiy_sad_morsad	Матросский сад в Феодосии	Феодосия			
attraction_new_mezhvodnenskaya_buhta	Межводненская бухта	Оленевка			
attraction_new_pole_alminskogo_srazheniya	Мемориал "Поле Альминского сражения"	Севастополь			
attraction_new_memorial_eltigen	Мемориал Эльтиген	Керчь			
attraction_new_kontslager_krasnyy	Мемориальный комплекс "Концлагерь Красный"	Симферополь			
attraction_new_mechet_beybarsa	Мечеть Бейбарса в Старом Крыму	Старый Крым			
attraction_new_mechet_dzhuma_dzhami	Мечеть Джума-Джами в Керчи	Керчь			
attraction_new_ismi_han_dzhami	Мечеть Исми-Хан Джами	Ялта			
attraction_new_mechet_mufti_dzhami_feodosiya	Мечеть Муфти-Джами в Феодосии	Феодосия	Феодосия, Караимская ул., 1		
attraction_new_mechet_tahtaly_dzhami_v_bahchisarae	Мечеть Тахталы-Джами в Бахчисарае	Бахчисарай	Бахчисарай, ул		
attraction_new_mechet_uzbek_hana_v_starom_krymu	Мечеть Узбек-хана в Старом Крыму	Старый Крым	чаще указывают Старый Крым, ул		
attraction_new_mechet_yuhary_dzhami_v_alushte	Мечеть Юхары-Джами в Алуште	Алушта	Алушта, Верхняя ул., 5		
attraction_new_mishorskaya_rusalka	Мисхорская русалка	Алупка			
attraction_new_mogila_i_k_ayvazovskogo_v_feodosii	Могила И. К. Айвазовского в Феодосии	Феодосия	Феодосия, Армянская ул., 1		
attraction_new_moynakskoe_ozero_v_evpatorii	Мойнакское озеро в Евпатории	Евпатория	Евпатория, Крым	45.194561	33.367043
attraction_new_monastyr_surb_stepanos	Монастырь Сурб-Степанос	Старый Крым	район Монастырской балки, Старый Крым / Кировский район		
attraction_new_peschernyy_monastyr_chelter_koba	Пещерный монастырь Челтер-Коба	Бахчисарай		44.630948	33.831031
attraction_new_muzey_amet_hana_sultana_v_alupke	Музей Амет-Хана Султана в Алупке	Алупка	Алупка, ул		
attraction_new_muzey_very_muhinoy_v_feodosii	Музей Веры Мухиной в Феодосии	Феодосия	Феодосия, ул		
attraction_new_muzey_dom_vina_v_evpatorii	Музей "Дом вина" в Евпатории	Евпатория	Евпатория, ул. имени Братьев Буслаевых, 30	45.189167	33.371334
attraction_new_muzey_geroev_chernobylya_zvezda_polyn	Музей героев Чернобыля "Звезда Полынь"	Евпатория	требует проверки — Ленина, 10 или Ленина, 12	45.186703	33.3667
attraction_new_muzey_konstantina_korovina_villa_salambo	Музей Константина Коровина — вилла "Саламбо"	Гурзуф	Гурзуф, ул		
attraction_new_muzey_mariny_i_anastasii_tsvetaevyh	Музей Марины и Анастасии Цветаевых	Феодосия	Феодосия, ул	45.035136	35.380049
attraction_new_muzey_a_s_pushkina_v_gurzufe	Музей А. С. Пушкина в Гурзуфе	Ялта	Гурзуф, ул		
attraction_new_muzey_sakskogo_kurorta	Музей Сакского курорта	Евпатория	Саки, ул		
attraction_new_muzey_s_n_sergeeva_tsenskogo_v_alushte	Музей С. Н. Сергеева-Ценского в Алуште	Алушта	Алушта, ул		
attraction_new_muzey_chernomorskogo_flota_v_sevastopole	Музей Черноморского флота в Севастополе	Севастополь	Севастополь, ул		
attraction_new_muzey_avtomobilnogo_iskusstva_v_yalte	Музей автомобильного искусства в Ялте	Ялта	Ялта, ул		
attraction_new_muzey_apteki	Музей аптеки — Евпатория	Евпатория		45.197743	33.380681
attraction_new_muzey_illyuziy	Музей иллюзий / Галерея иллюзий — Алушта	Алушта			
attraction_new_muzey_kerchensko_eltigenskogo_desanta	Музей истории Керченско-Эльтигенского десанта — Керчь, Героевское	Керчь			
attraction_new_muzey_istorii_krymskoy_voyny	Музей истории Крымской войны — Евпатория	Евпатория		45.19281	33.372755
attraction_new_muzey_istorii_tramvaya_i_trolleybusa	Музей истории трамвая и троллейбуса — Симферополь	Симферополь		44.9647	34.1035
attraction_new_muzey_kamnya	Музей камня и самоцветов — Алушта	Севастополь			
attraction_new_muzey_okeanografii_i_rybnogo_hozyaystva	Музей океанографии и рыбного хозяйства — Керчь	Керчь		45.35008	36.47412
attraction_new_muzey_piratov_chernogo_morya	Музей пиратов Чёрного моря — Евпатория	Евпатория			
attraction_new_muzey_shmeleva	Музей писателя И. С. Шмелёва — Алушта	Алушта		44.658268	34.405219
attraction_new_muzey_planerizma	Музей планеризма в Коктебеле — Коктебель / гора Клементьева	Феодосия			
attraction_new_muzey_pochty	Музей почты — Евпатория	Евпатория			
attraction_new_muzey_prirody_krymskogo_zapovednika	Музей природы Крымского заповедника — Алушта	Алушта			
attraction_new_mys_zyuk	Мыс Зюк — Керченский полуостров, Курортное	Курортное	Курортное, Крым	45.481884	36.342909
attraction_new_mys_kapchik_skvoznoy_grot	Мыс Капчик и Сквозной грот — Новый Свет	Новый Свет	Новый Свет, Крым	44.83479	34.914379
attraction_new_mys_karamrun	Мыс Карамрун / Кара-Мрун — Оленевка, Тарханкут	Оленевка		45.3904	32.4805
attraction_new_mys_kiik_atlama	Мыс Киик-Атлама — Орджоникидзе / Феодосия	Феодосия	Феодосия, Крым	44.951982	35.381423
attraction_new_mys_priboynyy	Мыс Прибойный — Оленевка, Тарханкут	Оленевка			
attraction_new_mys_fonar	Мыс Фонарь — Керчь, Подмаячный	Керчь		45.382946	36.644643
attraction_new_mys_frantsuzhenka	Мыс Француженка — Судак	Судак		44.83255	35.008793
attraction_new_mys_hroni	Мыс Хрони — Керченский полуостров	Керчь			
attraction_new_naberezhnaya_alushty	Набережная Алушты	Алушта	Алушта, Крым	44.678971	34.413164
attraction_new_naberezhnaya_gurzufa	Набережная Гурзуфа	Гурзуф	Гурзуф, Крым	44.5406	34.2766
attraction_new_naberezhnaya_kerchi	Набережная Керчи	Керчь			
attraction_new_naberezhnaya_kornilova	Набережная Корнилова	Севастополь	Севастополь, Крым	44.620639	33.524705
attraction_new_naberezhnaya_nazukina	Набережная Назукина	Севастополь	Севастополь, Крым	44.5	33.6
attraction_new_naberezhnaya_ordzhonikidze	Набережная Орджоникидзе	Феодосия	Феодосия, Крым	44.9644	35.3505
attraction_new_naberezhnaya_sudaka	Набережная Судака	Судак			
attraction_new_naberezhnaya_tereshkovoy	Набережная Терешковой	Евпатория	Евпатория, Крым	45.194334	33.369033
attraction_new_naberezhnaya_feodosii	Набережная Феодосии	Феодосия			
attraction_new_naberezhnaya_i_plyazh	Набережная и пляж Новофёдоровки	Евпатория	Евпатория, Крым	45.0923	33.5553
attraction_new_neapol_skifskiy	Неаполь Скифский	Симферополь			
attraction_new_nizhne_oreandskiy_park	Нижне-Ореандский парк	Ялта		44.455825	34.137929
attraction_new_obelisk_slavy_na_gore_mitridat	Обелиск Славы на горе Митридат	Керчь			
attraction_new_ozero_voron	Озеро Ворон	Судак		44.9141	34.819
attraction_new_ozero_kyzyl_yar	Озеро Кызыл-Яр	Саки		45.061535	33.605993
attraction_new_ozero_yarylgach	Озеро Ярылгач	Черноморское	Черноморское, Крым	45.58493	32.841001
attraction_new_oyburskoe_ozero	Ойбурское озеро	Евпатория			
attraction_new_ostrov_ivan_baba	Остров Иван-Баба	Коктебель	Коктебель, Крым	44.962502	35.354061
attraction_new_mys_chauda	Мыс Чауда	Феодосия	Феодосия, Крым	45.034251	35.385636
attraction_new_mertvaya_bukhta	Мёртвая бухта	Коктебель		44.965567	35.288627
attraction_new_pamyatnik_vezhlivym_lyudyam	Памятник Вежливым людям в Симферополе	Симферополь			
attraction_new_pamyatnik_volode_dubininu	Памятник Володе Дубинину в Керчи	Керчь			
attraction_new_pamyatnik_evpatoriyskomu_desantu	Памятник Евпаторийскому десанту	Симферополь			
attraction_new_pamyatnik_ekaterine_ii	Памятник Екатерине II в Симферополе	Симферополь			
attraction_new_pamyatnik_kazarskomu	Памятник Казарскому в Севастополе	Севастополь			
attraction_new_pamyatnik_nakhimovu	Памятник Нахимову в Севастополе	Севастополь			
attraction_new_pamyatnik_soldatu_i_matrosu	Памятник Солдату и Матросу в Севастополе	Севастополь			
attraction_new_pamyatnik_chekhov_i_dama_s_sobachkoy	Памятник Чехов и Дама с собачкой в Ялте	Ялта			
attraction_new_panskoe_ozero	Панское озеро в Крыму	Черноморское		45.540542	32.794482
attraction_new_park_krym_v_miniatyure	Парк "Крым в миниатюре" в Алуште	Алушта	Алушта, Крым	44.672536	34.411135
attraction_new_krym_v_miniatyure_na_ladoni	Парк "Крым в миниатюре на ладони" в Бахчисарае	Бахчисарай			
attraction_new_ekopark_lukomorye	Экопарк "Лукоморье" в Севастополе	Севастополь			
attraction_new_park_pobedy	Парк Победы в Севастополе	Севастополь	Севастополь, Крым	44.615531	33.529225
attraction_new_park_salgirka	Парк Салгирка в Симферополе	Симферополь	проспект Академика Вернадского, 2		
attraction_new_park_chair	Парк Чаир в Гаспре	Ялта	Ялта, Крым	44.432462	34.095984
attraction_new_fedyukhiny_vysoty	Парк живой истории "Федюхины высоты"	Севастополь			
attraction_new_park_anny_akhmatovoy	Парк имени Анны Ахматовой в Севастополе	Севастополь	ул		
attraction_new_park_voykova	Парк имени Войкова в Керчи	Керчь			
attraction_new_park_frunze	Парк имени Фрунзе в Евпатории	Евпатория	Евпатория, Крым	45.190391	33.363605
attraction_new_park_lvov_taigan	Парк львов "Тайган" в Крыму	Керчь		45.036049	34.563718
attraction_new_dreamwood_park_krym	Парк приключений "Дримвуд" в Крыму	Ялта	Ялта, Крым	44.49121	34.166021
attraction_new_dinoteriy_koktebel	Парк птиц "Динотерий" в Коктебеле	Коктебель	Коктебель, Крым	44.963537	35.249916
attraction_new_park_sanatoriya_gurzufskiy	Парк санатория "Гурзуфский"	Ялта	Ялта, Крым	44.548078	34.283932
attraction_new_park_sanatoriya_krym_partenit	Парк санатория "Крым"	Партенит	Партенит, Крым	44.576684	34.348164
attraction_new_park_kuchuk_lambat_utes	Парк усадьбы Кучук-Ламбат	Алушта		44.592346	34.367494
attraction_new_park_usadby_keppena_karabah	Парк усадьбы П. И. Кёппена	Алушта			
attraction_new_partizanskoe_vodohranilishche	Партизанское водохранилище				
attraction_new_perevernuty_dom_evpatoria	Перевёрнутый дом в Евпатории	Евпатория			
attraction_new_perekopskiy_val	Перекопский вал				
attraction_new_petropavlovskiy_sobor_sevastopol	Петропавловский собор в Севастополе	Севастополь			
attraction_new_peschera_butylochka_tarkhankut	Пещера Бутылочка на Тарханкуте	Оленевка			
attraction_new_peschera_geofizicheskaya_ai_petri	Пещера Геофизическая на Ай-Петри	Ялта		44.45581	34.05335
attraction_new_peschera_man_demerdzhi	Пещера МАН	Алушта		44.7847	34.3764833
attraction_new_peschera_shaitan_koba	Пещера Шайтан-Коба	Бахчисарай			
attraction_new_peschera_yaltinskaya_ai_petri	Ялтинская пещера на Ай-Петри	Кореиз			
attraction_new_peschera_grot_chokurcha	Пещера-грот Чокурча	Симферополь		44.959362	34.135443
attraction_new_ploshchad_lenina_simferopol	Площадь Ленина в Симферополе	Симферополь			
attraction_new_ploshchad_nakhimova_sevastopol	Площадь Нахимова в Севастополе	Севастополь			
attraction_new_plyazh_alye_parusa_feodosiya	Пляж "Алые паруса" в Феодосии	Феодосия	Феодосия, Крым	45.076835	35.413359
attraction_new_plyazh_baunti_fiolent	Пляж Баунти на Фиоленте	Севастополь		44.521681	33.46875
attraction_new_plyazh_vasili_balaklava	Пляж Васили в Балаклаве	Севастополь	Севастополь, Крым	44.4921	33.5781
attraction_new_plyazh_goluboy_zaliv_simeiz	Пляж Голубой залив в Симеизе	Ялта			
attraction_new_plyazh_zateryannyy_mir_u_mysa_ayya	Пляж Затерянный мир у мыса Айя	Балаклава			
attraction_new_plyazh_zolotye_peski_v_evpatorii	Пляж Золотые пески в Евпатории	Евпатория			
attraction_new_plyazh_inzhir_v_urochische_ayazma	Пляж Инжир в урочище Аязьма	Ялта	Ялта, Крым	44.468725	33.637842
attraction_new_plyazh_kameshki_v_feodosii	Пляж Камешки в Феодосии	Феодосия	Феодосия, Крым	45.030532	35.378641
attraction_new_plyazh_kanaka	Пляж Канака	Алушта		44.7871	34.6455
attraction_new_plyazh_karavella_na_myse_fiolent	Пляж Каравелла на мысе Фиолент	Севастополь			
attraction_new_plyazh_lazurnyy_bereg_v_evpatorii	Пляж Лазурный берег в Евпатории	Евпатория	Евпатория, Крым	45.175943	33.321938
attraction_new_plyazh_lyubimovka_v_sevastopole	Пляж Любимовка в Севастополе	Севастополь	Севастополь, Крым	44.614761	33.528898
attraction_new_plyazh_mayami_v_olenevke	Пляж Майами в Оленевке	Оленевка		45.372358	32.515233
attraction_new_primorskiy_plyazh_v_yalte	Приморский пляж в Ялте	Ялта	Ялта, Крым	44.494469	34.172255
attraction_new_plyazh_sandali_sundali_v_kerchi	Пляж Сандали / SunDali в Керчи	Керчь			
attraction_new_plyazh_uchkuevka_v_sevastopole	Пляж Учкуевка в Севастополе	Севастополь	Севастополь, Крым	44.620264	33.527216
attraction_new_plyazh_hrustalnyy_v_sevastopole	Пляж Хрустальный в Севастополе	Севастополь			
attraction_new_plyazh_tsarskoe_selo_na_fiolente	Пляж Царское село на Фиоленте	Севастополь		44.50853	33.48173
attraction_new_podvodnyy_muzey_alleya_vozhdey_na_tarhankute	Подводный музей "Аллея вождей" на Тарханкуте	Оленевка	Оленевка, Крым	45.385116	32.536864
attraction_new_pokrovskiy_sobor_v_sevastopole	Покровский собор в Севастополе	Севастополь	Севастополь, Крым	44.61876	33.521971
attraction_new_pokrovskiy_hram_v_sudake	Покровский храм в Судаке	Судак			
attraction_new_primorskiy_bulvar_v_sevastopole	Приморский бульвар в Севастополе	Симферополь	Симферополь, Крым	44.6156	33.5224
attraction_new_primorskiy_park_alushta	Приморский парк (Алушта)	Алушта	Алушта, Крым	44.673883	34.406991
attraction_new_professorskiy_ugolok_alushta	Профессорский уголок	Алушта			
attraction_new_pushkinskiy_grot_gurzuf	Пушкинский грот	Гурзуф		44.546676	34.29645
attraction_new_pushkinskiy_skver_feodosiya	Пушкинский сквер (Феодосия)	Феодосия			
attraction_new_radioteleskop_rt_22_katsiveli	Радиотелескоп РТ-22	Ялта			
attraction_new_kostel_neporochnogo_zachatiya_yalta	Римско-католический костёл Непорочного зачатия Девы Марии	Ялта	Ялта, ул. Пушкинская, 25		
attraction_new_romanovskaya_doroga_krym	Романовская дорога	Ялта			
attraction_new_rotonda_na_naberezhnoy_alushty	Ротонда на набережной Алушты	Алушта			
attraction_new_rotondy_naberezhnaya_gorkogo_evpatoriya	Ротонды на Набережной Горького	Евпатория			
attraction_new_naberezhnaya_sakskogo_ozera_saki	Сакская набережная — набережная Сакского озера	Саки			
attraction_new_salachik_bakhchisaray	Салачик	Бахчисарай			
attraction_new_svetomuzykalnyy_fontan_evpatoriya	Светомузыкальный фонтан	Евпатория			
attraction_new_svyato_ilyinskiy_hram_evpatoriya	Свято-Ильинский храм	Евпатория	ул. Братьев Буслаевых, 1Б; в отдельных справочниках встречается №5 — проверить по карте		
attraction_new_svyato_nikolaevskiy_sobor_evpatoriya	Свято-Николаевский собор (Евпатория)	Евпатория	Евпатория, ул. Тучина, 2		
attraction_new_svyato_nikolskiy_hram_piramida_sevastopol	Свято-Никольский храм-пирамида	Севастополь	Севастополь, ул. Богданова, 43		
attraction_new_svyato_petropavlovskiy_sobor_simferopol	Свято-Петропавловский собор	Симферополь	Симферополь, ул. Пролетарская, 5		
attraction_new_svyato_troitskiy_sobor_simferopol	Свято-Троицкий собор (Симферополь)	Симферополь	Симферополь, ул. Одесская, 12		
attraction_new_sevastopolskaya_bukhta	Севастопольская бухта	Севастополь			
attraction_new_sevastopolskiy_akvarium_muzey	Севастопольский аквариум-музей	Севастополь	Севастополь, пр. Нахимова, 2	44.61656	33.521402
attraction_new_seminarskiy_skver_simferopol	Семинарский сквер	Симферополь			
attraction_new_serebryanyy_plyazh_balaklavy	Серебряный пляж Балаклавы — достопримечательность Крыма	Севастополь	Севастополь, Крым	44.50077	33.596901
attraction_new_simeizskiy_park	Симеизский парк — достопримечательность Крыма	Симеиз	Симеиз, Крым	44.404823	33.995621
attraction_new_simferopolskaya_kenassa	Симферопольская кенасса — достопримечательность Крыма	Симферополь			
attraction_new_simferopolskiy_hudozhestvennyy_muzey	Симферопольский художественный музей — достопримечательность Крыма	Симферополь			
attraction_new_sinagoga_egiya_kapay_evpatoriya	Синагога Егия-Капай — достопримечательность Крыма	Симферополь			
attraction_new_sinopskaya_lestnitsa_sevastopol	Синопская лестница — достопримечательность Крыма	Севастополь			
attraction_new_skala_dzhenevez_kaya_gurzuf	Скала Дженевез-Кая — достопримечательность Крыма	Гурзуф			
attraction_new_skala_ivan_razboynik_karadag	Скала Иван-разбойник — достопримечательность Крыма	Коктебель			
attraction_new_skala_krasnyy_kamen_kyzyl_tash	Скала Красный Камень — Кызыл-Таш — достопримечательность Крыма	Гурзуф			
attraction_new_skala_kuchuk_ayu_partenit	Скала Кучук-Аю — достопримечательность Крыма	Гурзуф			
attraction_new_skala_panea_simeiz	Скала Панеа — достопримечательность Крыма	Симеиз			
attraction_new_skala_cherepaha_tarhankut	Скала Черепаха — достопримечательность Крыма	Оленевка			
attraction_new_skala_shalyapina_gurzuf	Скала Шаляпина — достопримечательность Крыма	Гурзуф	Гурзуф, Крым	44.545437	34.284327
attraction_new_skala_i_ozero_shaan_kaya	Скала и озеро Шаан-Кая — достопримечательность Крыма	Алупка	Алупка, Крым	44.414139	34.045857
attraction_new_skaly_orest_i_pilad_fiolent	Скалы Орест и Пилад — достопримечательность Крыма	Севастополь			
attraction_new_skaly_korabli_elken_kaya_opuk	Скалы-корабли Элькен-Кая — достопримечательность Крыма	Керчь			
attraction_new_skver_40_letiya_pobedy_alushta	Сквер 40-летия Победы (Алушта) — достопримечательность Крыма	Алушта			
attraction_new_skver_slavy_kerch	Сквер Славы — достопримечательность Крыма	Керчь			
attraction_new_skelskie_mengiry_rodnikovoe	Скельские менгиры — достопримечательность Крыма			44.4653	33.8488
attraction_new_sklep_demetri_kerch	Склеп Деметры — достопримечательность Крыма	Керчь	Керчь, Крым	45.359795	36.465547
attraction_new_zvezdopad_vospominaniy_koktebel	Смотровая площадка "Звездопад воспоминаний"	Коктебель	Коктебель, Крым	44.957339	35.246043
attraction_new_sobor_aleksandra_nevskogo_yalta	Собор Александра Невского в Ялте	Ялта			
attraction_new_soldatskaya_peshchera_krym	Солдатская пещера	Белогорск			
attraction_new_stena_ushakova_mys_ayya	Стена Ушакова	Балаклава			
attraction_new_streletskaya_buhta_sevastopol	Стрелецкая бухта	Севастополь			
attraction_new_suvorovskiy_dub_belogorsk	Суворовский дуб	Белогорск		45.079821	34.618739
attraction_new_suuk_koba_chatyr_dag	Суук-Коба				
attraction_new_syrnye_skaly_tuzluh_malorechenskoe	Сырные скалы Тузлух	Алушта			
attraction_new_syuyrenskaya_krepost_bahchisaray	Сюйреньская крепость	Бахчисарай			
attraction_new_tayganskoe_vodohranilishche_belogorsk	Тайганское водохранилище	Симферополь			
attraction_new_tarhankutskiy_mayak_olenevka	Тарханкутский маяк	Оленевка			
attraction_new_karadzhinskoe_gorodishche_tarhankut	Тарханкутское — Караджинское городище	Оленевка			
attraction_new_teatr_chekhova_yalta	Театр имени Чехова в Ялте	Ялта			
attraction_new_teatr_morskih_zhivotnyh_akvatoriya_yalta	Театр морских животных "Акватория"	Ялта	Ялта, Крым	44.499045	34.165197
attraction_new_teatralnaya_ploshchad_evpatoriya	Театральная площадь	Евпатория			
attraction_new_teplohod_knyaz_bagration_sudak	Теплоход "Князь Багратион"	Новый Свет			
attraction_new_tobechikskoe_ozero_kerch	Тобечикское озеро	Керчь			
attraction_new_toplovskiy_monastyr_krym	Топловский Троице-Параскевиевский монастырь	Белогорск			
attraction_new_tropa_grina_staryy_krym_koktebel	Тропа Грина	Коктебель			
attraction_new_tropik_park_evpatoriya	Тропик-парк	Евпатория			
attraction_new_turetskie_bani_evpatorii	Турецкие бани Евпатории	Евпатория		45.198084	33.377135
attraction_new_fort_severnaya_balaklava	Форт Северная Балаклава	Севастополь		44.5046	33.6078
attraction_new_cheremisovskie_vodopady	Черемисовские водопады	Белогорск		44.9342	34.7025
attraction_new_30_ya_beregovaya_batareya	30-я береговая батарея	Севастополь	Батарейная ул., 5, Севастополь	44.662804	33.558139
attraction_new_35_ya_beregovaya_batareya	35-я береговая батарея	Севастополь	Севастополь, Балаклавский муниципальный округ	44.504763	33.500234
attraction_new_agatovyi_plyazh	Агатовый пляж	Феодосия	Агатовый пляж, Орджоникидзевский поселковый совет, Феодосійський район, Автономна Республіка Крим, 298184, Україна	44.956353	35.358999
attraction_new_ak_monayskie_kamenolomni	Ак-Монайские каменоломни	Каменское	район села Каменское, Ак-Монайский перешеек	45.286	35.527
attraction_new_akvapark_atlantida	Аквапарк Атлантида	Ялта	ул. Коммунаров, 7А, Ялта	44.481628	34.151859
attraction_new_akvapark_bananovaya_respublika	Аквапарк Банановая Республика	Прибрежное	ул. Каламитская, 14, Прибрежное	45.150779	33.49895
attraction_new_akvapark_goluboy_zaliv	Аквапарк Голубой залив	Ялта	Республика Крым, муниципальный округ Ялта	44.416108	33.984884
attraction_new_akvapark_koktebel	Аквапарк Коктебель	Феодосия	Аквапарк "Коктебель", улица Ленина, Коктебель, Коктебельский поселковый совет, Феодосійський район, Автономна Республіка Крим, 298186, Україна	44.966522	35.255514
attraction_new_akvapark_mindalnaya_roshcha	Аквапарк Миндальная роща	Алушта	Аквапарк "Миндальная роща", 6, Набережная улица, Профессорский уголок, Микрорайон имени 60 лет СССР, Алушта, Ялтинський район, Автономна Республіка Крим, 298519, Україна	44.661128	34.408249
attraction_new_akvapark_sudak	Аквапарк Судак	Судак	Республика Крым	44.850532	34.976157
attraction_new_akvapark_u_lukomorya	Аквапарк У Лукоморья	Евпатория	Акваленд "У Лукоморья", улица Кирова, Евпатория, Євпаторійський район, Республика Крым, 297412, Україна	45.184187	33.357922
attraction_new_aktiviti_park_limpopo	Активити-парк Лимпопо	Севастополь	просп. Октябрьской Революции, 24, Севастополь	44.592335	33.455714
attraction_new_aleksandro_nevskiy_sobor_simferopol	Александро-Невский собор	Симферополь	Собор Александра Невского, улица Серова, Крест, Сейит-Сеттар мааллеси, Центральный район, Симферополь, Сімферопольський район, Автономна Республіка Крим, 295024, Україна	44.952862	34.098189
attraction_new_alushtinskiy_akvarium	Алуштинский аквариум	Алушта	Республика Крым	44.660288	34.393043
attraction_new_alushtinskiy_istoriko_kraevedcheskiy_muzey	Алуштинский историко-краеведческий музей	Алушта	ул. Ленина, 8, Алушта	44.67387	34.414516
attraction_new_angarskiy_pereval	Ангарский перевал	Симферополь	Республика Крым, муниципальный округ Алушта	44.75627	34.344677
attraction_new_arabatskaya_strelka	Арабатская стрелка	Феодосия	Республика Крым, Ленинский район, Семисотское сельское поселение	45.311982	35.444341
attraction_new_arman_kaya_gora_krokodil	Арман-Кая, гора Крокодил	Бахчисарай	Республика Крым, Бахчисарайский район, Куйбышевское сельское поселение	44.653171	33.788306
attraction_new_surb_nikogayos	Армянская церковь Сурб Никогайос	Евпатория	Поворотная ул., 50А, Евпатория	45.200254	33.379765
attraction_new_arpatskie_vodopady	Арпатские водопады	Зеленогорье	Зеленогорье, урочище Панагия	44.885048	34.678491
attraction_new_belbekskaya_dolina	Бельбекская долина	Ялта	Республика Крым, Бахчисарай	44.758081	33.878281
attraction_new_belbekskie_vorota	Бельбекские ворота	Бахчисарай	Вид на Бельбекские ворота, Санаторная улица, Большое Садовое, Куйбышевское сельское поселение, Бахчисарайский район, Автономна Республіка Крим, 98481, Україна	44.634351	33.832311
attraction_new_belbekskiy_kanon	Бельбекский каньон	Бахчисарай	Бельбекский каньон, Куйбышевское сельское поселение, Бахчисарайский район, Республика Крым, 98481, Україна	44.644902	33.821197
attraction_new_arpatskiy_kanon	Арпатский каньон	Алушта	Республика Крым, муниципальный округ Алушта	44.888139	34.705055
attraction_new_tavrida_art_cluster	Арт-кластер "Таврида"	Судак	Республика Крым, городской округ Судак	44.834674	35.021075
attraction_new_artilleriyskaya_bukhta	Артиллерийская бухта	Севастополь	Севастополь	44.615994	33.520078
attraction_new_kerkinitida_severo_zapadny_prigorod	Северо-западный пригород Керкинитиды	Евпатория	Республика Крым, Евпатория	45.187745	33.3697
attraction_new_arshintsevskaya_kosa	Аршинцевская коса	Керчь	Республика Крым, Керчь	45.258067	36.430592
attraction_new_ayanskoe_vodokhranilishche	Аянское водохранилище	Симферополь	Республика Крым, Симферопольский район, Добровское сельское поселение	44.844237	34.285883
attraction_new_baydarskaya_yayla	Байдарская яйла	Севастополь	Севастополь, Балаклавский район, Орлиновский муниципальный округ, гора Каланых-Кая	44.431081	33.731446
attraction_new_bakalskaya_kosa	Бакальская коса	Черноморское	Республика Крым, Раздольненский район, Славновское сельское поселение, озеро Бакальское	45.763449	33.170571
attraction_new_bakalskoe_ozero	Бакальское озеро	Черноморское	Республика Крым, Раздольненский район, Славновское сельское поселение	45.745993	33.17437
attraction_new_balaklavskaya_bukhta	Балаклавская бухта	Севастополь	Севастополь	44.497312	33.597665
attraction_new_balanovskoe_vodokhranilishche	Балановское водохранилище	Белогорск	Республика Крым, Белогорский район, Зуйское сельское поселение	44.983695	34.340267
attraction_new_barakolskaya_dolina	Баракольская долина	Феодосия	Республика Крым, муниципальный округ Феодосия	45.012765	35.242984
attraction_new_bashnya_vetrov_sevastopol	Башня Ветров	Севастополь	Севастополь, улица Фрунзе	44.611016	33.524037
attraction_new_bashnya_krisko_feodosiya	Башня Криско	Феодосия	Республика Крым, Феодосия, Крепость Кафа	45.022346	35.400299
attraction_new_choban_kule	Башня Чобан-Куле	Алушта	Республика Крым, городской округ Судак	44.811374	34.745955
attraction_new_bashtanovskie_sfinksy	Баштановские сфинксы	Бахчисарай	район села Баштановка, Бахчисарайский район	44.696	33.882
attraction_new_belogorskoe_vodokhranilishche	Белогорское водохранилище	Белогорск	Республика Крым, городской округ Судак	45.018691	34.599296
attraction_new_belyaus	Беляусская коса	Евпатория	Республика Крым, Черноморский район, коса Северная	45.342673	32.95601
attraction_new_binbash_koba	Бинбаш-Коба		Республика Крым, Симферопольский район, Добровское сельское поселение, пещера Бинбаш-Коба	44.784767	34.2867
attraction_new_biserniy_hram	Бисерный храм Святой Анастасии	Бахчисарай	Республика Крым, Бахчисарайский район, Ландшафтно-рекреационный парк регионального значения Бахчисарай	44.698157	33.884417
attraction_new_bolshaya_sevastopolskaya_tropa	Большая Севастопольская тропа	Севастополь	Севастополь, Балаклава, Большая Севастопольская тропа	44.430504	33.704511
attraction_new_atlesh	Большой и Малый Атлеш	Оленевка	Республика Крым, Черноморский район, Оленевское сельское поселение, село Оленевка	45.347618	32.494822
attraction_new_bochka_smerti	Бочка смерти	Севастополь	южный форт Балаклавы, Севастополь	44.492421	33.619896
attraction_new_bulganak	Булганакское озеро и грязевые вулканы	Керчь	Республика Крым, Ленинский район, Войковское сельское поселение	45.329258	36.573083
attraction_new_buhta_kipchak	Бухта Кипчак	Оленевка	Республика Крым	45.481444	32.591049
attraction_new_buhta_lyubvi	Бухта Любви	Алушта	Республика Крым	44.759701	34.584932
attraction_new_buhta_omega	Бухта Омега	Севастополь	Севастополь, Гагаринский муниципальный округ	44.597991	33.44367
attraction_new_buhta_ocheretay	Бухта Очеретай	Оленевка	Республика Крым, Черноморский район, Оленевское сельское поселение	45.406984	32.489845
attraction_new_buhta_provato	Бухта Провато	Феодосия	Республика Крым, муниципальный округ Феодосия, посёлок городского типа Орджоникидзе	44.962742	35.343155
attraction_new_buhta_chehova_gurzuf	Бухта Чехова	Ялта	ул. Чехова, 22, п. г. т. Гурзуф	44.541874	34.281847
attraction_new_buhta_shelkovitsa	Бухта Шелковица	Керчь	Республика Крым, Ленинский район, Природный парк регионального значения Караларский	45.472138	36.220943
attraction_new_veselovskaya_buhta	Весёловская бухта	Алушта	Республика Крым	44.819237	34.872276
attraction_new_villa_elena_yalta	Вилла Елена	Ялта	Республика Крым, городской округ Керчь	45.275809	36.39607
attraction_new_villa_kseniya	Вилла Ксения	Ялта	Республика Крым, городской округ Керчь	45.275809	36.39607
attraction_new_villa_mechta	Вилла Мечта	Ялта	Республика Крым, муниципальный округ Ялта	44.58167	34.25322
attraction_new_winepark_mriya	WINEPARK Mriya	Ялта	Winepark by Mriya, Симеизский поселковый совет, Ялтинський район, Автономна Республіка Крим, 298689, Україна	44.396253	33.944912
attraction_new_vladimirsky_sobor_hersones	Владимирский собор в Херсонесе	Севастополь	Древняя ул., 1, Севастополь	44.610959	33.49296
attraction_new_vodopad_suatkan	Водопад Суаткан	Бахчисарай	Республика Крым, Бахчисарайский район, Куйбышевское сельское поселение	44.550877	33.846247
attraction_new_vodopad_yauzlar	Водопад Яузлар	Ялта	Республика Крым, муниципальный округ Ялта	44.50151	34.102492
attraction_new_vsekhsvyatskaya_tserkov_sevastopol	Всехсвятская церковь	Севастополь		44.616495	33.525135
attraction_new_gagarinskiy_park_simferopol	Гагаринский парк	Симферополь	Гагаринский парк, Симферополь	44.964212	34.097984
attraction_new_gezlevskie_vorota	Гезлёвские ворота	Евпатория	Гезлевские ворота, улица Матвеева, Евпатория, Євпаторійський район, Республика Крым, 97408, Україна	45.198497	33.381634
attraction_new_generalskie_plyazhi	Генеральские пляжи	Керчь	Республика Крым, Ленинский район	45.447922	36.190203
attraction_new_georgievskaya_skala_fiolent	Георгиевская скала	Севастополь	Севастополь	44.501729	33.508579
attraction_new_golitsynskiy_dvorets_gaspra	Голицынский дворец в Гаспре	Гаспра	Гаспра, район дворца Мурад-Авур	44.429	34.096
attraction_new_golubaya_bukhta_sevastopol	Голубая бухта	Севастополь	Севастополь	44.5552	33.409127
attraction_new_baka_tash_lyagushka	Гора Бака-Таш — Лягушка	Судак	Республика Крым, муниципальный округ Судак	44.893273	34.980873
attraction_new_gora_voloshina_koktebel	Гора Волошина и могила М. А. Волошина	Феодосия	Республика Крым, муниципальный округ Феодосия	44.974928	35.282752
attraction_new_karaul_oba	Гора Караул-Оба	Новый Свет	гора Караул-Оба, Новый Свет	44.819	34.902
attraction_new_gora_kastel	Гора Кастель	Алушта	Республика Крым, городской округ Керчь	44.612709	34.363147
attraction_new_koba_kaya	Гора Коба-Кая	Новый Свет	гора Коба-Кая, Новый Свет	44.823052	34.918054
attraction_new_gora_kubalach	Гора Кубалач	Белогорск	гора Кубалач, Белогорский район	45.008333	34.825833
attraction_new_paragilmen	Гора Парагильмен	Алушта	район Малого Маяка и Запрудного, Алушта	44.648	34.34
attraction_new_gora_perchem	Гора Перчем	Судак	гора Перчем, Судак	44.858607	34.928785
attraction_new_stavri_kaya	Гора Ставри-Кая	Ялта	гора Ставри-Кая, Ялта	44.499164	34.099511
attraction_new_echki_dag	Гора Эчки-Даг	Коктебель	Республика Крым	44.927431	35.174406
attraction_new_gorodishche_akra	Городище Акра	Керчь	Керченский пролив, район села Заветное	45.113	36.421
attraction_new_gorodische_belyaus	Городище Беляус	Черноморское	коса Беляус, Черноморский район	45.36195	32.905908
attraction_new_gorodische_ilurat	Городище Илурат	Керчь	Керченский полуостров, район села Ивановка	45.286	36.293
attraction_new_gorodische_kitey	Городище Китей	Керчь	Керченский полуостров, район села Яковенково	45.0786111	36.4225
attraction_new_gorodische_mirmekiy	Городище Мирмекий	Керчь	северная часть Керчи	45.388	36.516
attraction_new_gorodische_nimfey	Городище Нимфей	Керчь	Керченский полуостров, район поселка Героевское	45.236	36.4
attraction_new_gorodische_parfeniy	Городище Парфений	Керчь	Керченский полуостров, мыс Фонарь	45.403	36.505
attraction_new_gorodische_porfmiy	Городище Порфмий	Керчь	Керчь, район Еникале	45.38	36.524
attraction_new_gorodische_tiritaka	Городище Тиритака	Керчь	Керчь, микрорайон Аршинцево	45.308	36.448
attraction_new_grafskaya_pristan	Графская пристань		Севастополь	44.616976	33.52695
attraction_new_grot_golitsyna_grot_shalyapina	Грот Голицына - грот Шаляпина	Новый Свет	тропа Голицына, Новый Свет	44.8204	34.9147
attraction_new_grot_diany	Грот Дианы	Севастополь	мыс Фиолент, Севастополь	44.496	33.487
attraction_new_grot_neptuna	Грот Нептуна	Оленевка	Большой Атлеш, Тарханкут	45.347	32.494
attraction_new_grot_fatma_koba	Грот Фатьма-Коба		Республика Крым	44.612504	33.767375
attraction_new_gryazevoy_vulkan_dzhau_tepe	Грязевой вулкан Джау-Тепе	Керчь	Грязевой вулкан Джау-Тепе, Кировское сельское поселение, Керченський район, Автономна Республіка Крим, 98234, Україна	45.150261	35.930532
attraction_new_gryazevye_vulkany_bondarenkovo	Грязевые вулканы Бондаренково		Булганакское сопковое поле (Грязевые вулканы), Переселенческая улица, Бондаренково, Войковское сельское поселение, Ленинский район, Автономна Республіка Крим, 98222, Україна	45.421945	36.481159
attraction_new_gurzufskaya_buhta	Гурзуфская бухта	Гурзуф	Гурзуфская бухта	44.544	34.286
attraction_new_dacha_viktoriya	Дача Виктория		Дача Виктория, 31, проспект Айвазовского, Феодосия, Феодосійський район, Автономна Республіка Крим, 298100, Україна	45.037459	35.382155
attraction_new_dacha_golubka	Дача Голубка		Дача Голубка, 20, улица Ленина, Мирный, Алушта, Ялтинський район, Автономна Республіка Крим, 298519, Україна	44.675298	34.413465
attraction_new_dacha_milos	Дача Милос		Дача Милос, 33, проспект Айвазовского, Феодосия, Феодосійський район, Автономна Республіка Крим, 98100, Україна	45.037816	35.382159
attraction_new_dacha_omyur	Дача Омюр		Дача "Омюр", 32, улица Кирова, Ялта, город Ялта, Ялтинський район, Автономна Республіка Крим, 298600, Україна	44.493403	34.156894
attraction_new_dacha_stamboli	Дача Стамболи	Феодосия	Дача Стамболи, 47, проспект Айвазовского, Феодосия, Феодосійський район, Автономна Республіка Крим, 298100, Україна	45.042671	35.382368
attraction_new_dacha_tesseli	Дача Тессели	Форос	Форос, дача Тессели	44.39209	33.76532
attraction_new_dacha_flora	Дача Флора	Феодосия	просп. Айвазовского, 37, Феодосия	45.038448	35.382019
attraction_new_dacha_chehova_gurzuf	Дача Чехова в Гурзуфе	Ялта	ул. Чехова, 22, п. г. т. Гурзуф	44.541874	34.281847
attraction_new_dvorets_karasan	Дворец Карасан	Алушта	Республика Крым, городской округ Алушта, Карасанский парк	44.590283	34.356836
attraction_new_dvorets_kuznetsova	Дворец Кузнецова	Ялта	Дворец Кузнецова, Форосский спуск, Вертолётка, Форосский поселковый совет, Ялтинський район, Автономна Республіка Крим, 298690, Україна	44.389768	33.784489
attraction_new_dvorets_mordvinova	Дворец Мордвинова	Ялта	ул. Свердлова, 34Е, Ялта	44.504004	34.172601
attraction_new_dvorets_suuk_su	Дворец Суук-Су	Ялта	Республика Крым, муниципальный округ Ялта, Ялтинский горно-лесной природный заповедник	44.558931	34.310676
attraction_new_dacha_staheeva_alushta	Дача купца Стахеева	Алушта	ул. Перекопская, 1, Алушта	44.675787	34.418235
attraction_new_dvorets_emira_buharskogo	Дворец эмира Бухарского	Ялта	ул. Севастопольская, 12/43, Ялта	44.486886	34.157889
attraction_new_dvuyakornaya_buhta	Двуякорная бухта	Феодосия	Республика Крым	44.98175	35.385331
attraction_new_delfinariy_akvarel	Дельфинарий "Акварель"	Алушта	ул. Горького, 7Д, Алушта	44.670695	34.409483
attraction_new_delfinariy_evpatorii	Дельфинарий Евпатории	Евпатория	Киевская ул., 19/20, Евпатория	45.179412	33.353653
attraction_new_delfinariy_koktebel	Дельфинарий Коктебеля	Феодосия	Морская ул., 77, п. г. т. Коктебель	44.959311	35.243846
attraction_new_delfinariy_pobeda	Дельфинарий "Победа"	Севастополь	Парк Победы, Севастополь	44.596	33.444
attraction_new_dendrozoopark_alushta	Дендрозоопарк Алушты	Алушта	Республика Крым, Алушта	44.6811	34.3972
attraction_new_dendropark_evpatoriya	Дендропарк Евпатории	Евпатория	Республика Крым, Красногвардейский район, Пятихатское сельское поселение	45.186297	33.360483
attraction_new_detskiy_park_simferopol	Детский парк Симферополя	Симферополь	Республика Крым, Симферополь	44.956051	34.109858
attraction_new_dzhangul	Джангульское оползневое побережье	Оленевка	Республика Крым, Черноморский район, Оленевское сельское поселение	45.433573	32.521726
attraction_new_zateryannyy_mir_evpatoriya	Динопарк "Затерянный мир"	Евпатория	ул. Маяковского, 2, Евпатория	45.179013	33.354379
attraction_new_dolgorukovskaya_yayla	Долгоруковская яйла		Республика Крым, Симферопольский район, Добровское сельское поселение, Государственный природный заказник регионального значения Долгоруковская яйла	44.86664	34.380976
attraction_new_dom_vorontsova_salgirka	Дом Воронцова в Салгирке	Симферополь	Ботанический сад Салгирка, Симферополь	44.9505	34.119
attraction_new_dom_s_kariatidami_yalta	Дом с кариатидами в Ялте	Ялта	Ялта	44.496	34.167
attraction_new_dom_muzey_grina_feodosiya	Дом-музей Александра Грина	Феодосия	ул. Галерейная, 10, Феодосия	45.03202	35.380498
attraction_new_dom_muzey_grina_staryy_krym	Дом-музей Александра Грина в Старом Крыму	Старый Крым	ул. Карла Либкнехта, 52, Старый Крым	45.025621	35.082677
attraction_new_dom_muzey_kuindzhi_alupka	Дом-музей Архипа Куинджи	Ялта	ул. имени Розы Люксембург, 24, Алупка	44.421722	34.050838
attraction_new_dom_muzey_beketova_alushta	Дом-музей Бекетова	Алушта	Комсомольская ул., 2, Алушта	44.657109	34.404919
attraction_new_dom_muzey_gasprinskogo_bakhchisaray	Дом-музей Исмаила Гаспринского	Бахчисарай	ул. Гаспринского, 47, Бахчисарай	44.746518	33.894157
attraction_new_dom_muzey_paustovskogo_staryy_krym	Дом-музей Константина Паустовского	Старый Крым	Республика Крым, Кировский район, Старый Крым	45.031865	35.099316
attraction_new_dom_muzey_lesi_ukrainki_yalta	Дом-музей Леси Украинки	Ялта	Республика Крым	44.450293	34.063253
attraction_new_dom_muzey_voloshina_koktebel	Дом-музей Максимилиана Волошина	Коктебель	Морская ул., 43, п. г. т. Коктебель	44.960132	35.252112
attraction_new_dom_muzey_sevastopolskogo_podpolya	Дом-музей Севастопольского подполья	Севастополь	Севастополь	44.616495	33.525135
attraction_new_dom_muzey_golitsyna_novyy_svet	Дом-музей князя Л. С. Голицына	Новый Свет	ул. Шаляпина, 11, Новый Свет	44.8296	34.9139
attraction_new_evpatoriya_naberezhnaya_gorkogo	Евпаторийская набережная имени Горького	Евпатория	Республика Крым, Евпатория, квартал Курортный	45.185865	33.366277
attraction_new_evpatoriyskiy_akvarium	Евпаторийский аквариум	Евпатория	парк имени Фрунзе, Евпатория	45.1813	33.3576
attraction_new_evpatoriyskiy_kraevedcheskiy_muzey	Евпаторийский краеведческий музей	Евпатория	Республика Крым	45.186087	33.339103
attraction_new_evpatoriyskiy_mayak	Евпаторийский маяк	Евпатория	Евпаторийский маяк, Евпатория	45.151103	33.269179
attraction_new_evpatoriyskiy_teatr_pushkina	Евпаторийский театр имени А. С. Пушкина	Евпатория	просп. Ленина, 1, Евпатория	45.190239	33.367792
attraction_new_evreyskaya_tropa	Еврейская тропа	Ялта	Республика Крым, муниципальный округ Ялта, Ялтинский горно-лесной природный заповедник	44.429312	34.007279
attraction_new_ekaterininskaya_milya_staryy_krym	Екатерининская миля в Старом Крыму	Феодосия	Республика Крым, Симферопольский район, Добровское сельское поселение, Государственный природный заказник регионального значения Долгоруковская яйла	44.86664	34.380976
attraction_new_ekaterininskiy_sad_simferopol	Екатерининский сад	Симферополь	Республика Крым, Симферополь	44.952199	34.105735
attraction_new_enikalskiy_mayak_kerch	Еникальский маяк	Керчь	Республика Крым, городской округ Керчь	45.385493	36.638844
attraction_new_zhd_vokzal_simferopol	Железнодорожный вокзал Симферополя	Симферополь	Привокзальная площадь, 1, Симферополь	44.962169	34.082617
attraction_new_alpiyskaya_roza_evpatoria	Здание "Альпийская роза"	Евпатория	Республика Крым, Евпатория	45.193227	33.35468
attraction_new_zmeinaya_peshchera	Змеиная пещера	Симферопольский район	район села Левадки, Симферопольский район	44.837	34.099
attraction_new_zolotoy_kurgan_kerch	Золотой курган	Керчь	Республика Крым, Керчь, Курган	45.349263	36.42143
attraction_new_zolotoy_plyazh_feodosiya	Золотой пляж Феодосии	Феодосия	Республика Крым, Феодосия	45.085994	35.426603
attraction_new_zyndzhyrly_medrese_bakhchisaray	Зынджырлы-медресе	Бахчисарай	Зынджырлы медресе (Менъли Герайнынъ медресеси), улица Басенко, Бахчисарай, Бахчисарайский район, Автономна Республіка Крим, 98442, Україна	44.747968	33.90802
attraction_new_ilinskiy_mayak_feodosiya	Ильинский маяк	Феодосия	мыс Святого Ильи, Феодосия	45.0126	35.4219
attraction_new_dacha_funka_sudak	Исторический музей "Дача Функа"	Судак	ул. Набережная, 11, Судак	44.8406	34.9586
attraction_new_istochnik_panteleimona_staryy_krym	Источник Святого Пантелеймона	Бахчисарай	Республика Крым	44.744997	33.848035
attraction_new_kazanskiy_sobor_feodosiya	Казанский собор	Феодосия	ул. Карла Маркса, 52, Феодосия	45.038589	35.378556
attraction_new_kazachya_bukhta_sevastopol	Казачья бухта	Севастополь	Севастополь	44.572058	33.411822
attraction_new_kalos_limen_chernomorskoe	Калос Лимен	Черноморское	Черноморское, ул. Набережная	45.517328	32.71449
attraction_new_zolotoy_plyazh_balaklavy	Золотой пляж Балаклавы	Балаклава	Золотой пляж, Балаклава	44.491	33.628
attraction_new_istoricheskiy_bulvar	Исторический бульвар	Севастополь	Севастополь	44.597884	33.5235
attraction_new_istochnik_svyatoy_anastasii	Источник Святой Анастасии	Бахчисарай	Качи-Кальон, Бахчисарайский район	44.6982	33.8844
attraction_new_kadykovskiy_karer	Кадыковский карьер	Севастополь	Севастополь, Балаклавский муниципальный округ	44.516841	33.568524
attraction_new_kalamitskiy_zaliv	Каламитский залив		Республика Крым	45.037279	33.476016
attraction_new_kalendskaya_tropa	Календская тропа		Республика Крым, муниципальный округ Ялта, Ялтинский горно-лесной природный заповедник	44.433419	33.839528
attraction_new_kamennye_griby_malogo_salgira	Каменные грибы Малого Салгира		Республика Крым, Симферопольский район, Добровское сельское поселение	44.891779	34.314997
attraction_new_kamennye_griby_sotery	Каменные грибы Сотеры	Алушта	Республика Крым, городской округ Алушта	44.748319	34.462103
attraction_new_kamyshovaya_bukhta_sevastopol	Камышовая бухта	Севастополь	Севастополь	44.583981	33.424973
attraction_new_kanakskaya_balka	Канакская балка	Алушта	Республика Крым	44.793625	34.654776
attraction_new_kanatnaya_doroga_miskhor_ai_petri	Канатная дорога Мисхор — Ай-Петри	Ялта	Республика Крым, муниципальный округ Ялта	44.444379	34.063154
attraction_new_kanon_kok_asan	Каньон Кок-Асан	Белогорск	Республика Крым, Белогорский район, Криничненское сельское поселение	44.905646	34.654956
attraction_new_kanon_kuchuk_karasu	Каньон Кучук-Карасу	Белогорск	ущелье Кучук-Карасу, Белогорский район	44.905646	34.654956
attraction_new_kapselskaya_bukhta_sudak	Капсельская бухта	Судак	Республика Крым	44.829863	35.014353
attraction_new_kapsikhorskaya_bukhta_morskoe	Капсихорская бухта	Алушта	Республика Крым, муниципальный округ Судак	44.815759	34.84485
attraction_new_kara_tobe_saki	Кара-Тобе	Симферополь	Евпаторийское ш., 2А, Саки	45.138742	33.518968
attraction_new_karabi_yayla	Караби-яйла	Алушта	Республика Крым, муниципальный округ Алушта	44.882257	34.520819
attraction_new_karavan_saray_staryy_krym	Караван-сарай Старого Крыма	Старый Крым	Республика Крым, Кировский район, Старый Крым	45.028224	35.103107
attraction_new_karadagskiy_delfinariy	Карадагский дельфинарий	Феодосия	Республика Крым, муниципальный округ Феодосия, посёлок городского типа Щебетовка	44.941902	35.165917
attraction_new_karadagskiy_muzey_prirody	Карадагский музей природы	Феодосия	ул. Науки, 22, п. г. т. Курортное	44.911777	35.20068
attraction_new_karadzhinskaya_bukhta_olenevka	Караджинская бухта	Оленевка	Республика Крым	45.369372	32.505512
attraction_new_karaimskie_kenasy_evpatoria	Караимские кенасы	Евпатория	Караимские Кенасы, улица Ефета, Старый город, Евпатория, Євпаторійський район, Автономна Республіка Крим, 97408, Україна	45.198729	33.374063
attraction_new_balta_tiimez	Караимское кладбище Балта-Тиймез	Бахчисарай	Республика Крым, городское поселение Бахчисарай, Караимское кладбище Балта-Тиймез	44.736336	33.929875
attraction_new_karalarskiy_prirodnyy_park	Караларский природный парк	Керчь	Республика Крым, Ленинский район, Караларский природный парк	45.447925	36.190204
attraction_new_karantinnaya_bukhta_sevastopol	Карантинная бухта	Севастополь	Севастополь	44.611169	33.499138
attraction_new_karanskoe_plato	Караньское плато	Севастополь	Республика Крым, городской округ Алушта	44.748319	34.462103
attraction_new_karasanskiy_park	Карасанский парк	Алушта	Республика Крым, муниципальный округ Алушта, Карасанский парк	44.590479	34.357415
attraction_new_karkinitskiy_zaliv	Каркинитский залив			45.848183	32.873641
attraction_new_kebir_dzhami	Кебир-Джами	Симферополь	Кебир-Джами, 4, улица Курчатова, Верхняя солдатская слобода, Старый город, Киевский район, Симферополь, Сімферопольський район, Автономна Республіка Крим, 95001, Україна	44.948886	34.107178
attraction_new_kebit_bogaz	Кебит-Богаз	Алушта	Республика Крым, муниципальный округ Алушта	44.696962	34.288182
attraction_new_kerchenskaya_kartinnaya_galereya	Керченская картинная галерея	Керчь	Театральная ул., 36/3, Керчь	45.351379	36.474107
attraction_new_kerchenskaya_krepost	Керченская крепость	Керчь	Колхозная ул., 1, Керчь	45.310018	36.474643
attraction_new_kerchenskiy_lapidariy	Керченский лапидарий	Керчь	ул. Розы Люксембург, 24, Керчь	45.363641	36.531723
attraction_new_kerchenskiy_proliv	Керченский пролив	Керчь		45.273329	36.593574
attraction_new_kerchenskiy_strausinyy_park_ekzotik	Керченский страусиный парк "Экзотик"	Керчь	Республика Крым, Ленинский район, Глазовское сельское поселение, село Глазовка	45.390156	36.630441
attraction_new_kiik_koba	Киик-Коба	Белогорск	Республика Крым	44.966667	34.350278
attraction_new_kinopark_viking	Кинопарк "Викинг"	Симферополь	Республика Крым, Симферопольский район, Добровское сельское поселение, село Перевальное	44.85804	34.327115
attraction_new_kiparisovaya_alleya_sudak	Кипарисовая аллея	Судак	Республика Крым, Судак	44.842787	34.9741
attraction_new_koktebelskaya_bukhta	Коктебельская бухта	Коктебель	Коктебельская бухта	44.961	35.25
attraction_new_koktebelskaya_naberezhnaya	Коктебельская набережная	Коктебель	Коктебельская набережная	44.96	35.252
attraction_new_koktebelskiy_akvarium	Коктебельский аквариум	Коктебель	Коктебельская набережная	44.961	35.252
attraction_new_kolonnada_koltso_vechnosti	Колоннада "Кольцо вечности"	Керчь	Республика Крым, Керчь, площадь Ленина	45.352373	36.476022
attraction_new_komsomolskiy_park_kerch	Комсомольский парк	Керчь	Республика Крым, Керчь, Комсомольский парк	45.366022	36.501393
attraction_new_komsomolskiy_park_feodosiya	Комсомольский парк	Феодосия	А-291	45.047406	35.382914
attraction_new_konstantinovskaya_batareya	Константиновская батарея	Севастополь	Севастополь	44.627594	33.51449
attraction_new_kosa_tuzla	Коса Тузла			45.2216667	36.6061111
attraction_privettur_plyazh_delfin_yalta	Пляж «Дельфин»	Ялта	Ялта, Крым	44.492372	34.163472
attraction_privettur_livadiyskiy_plyazh_yalta	Ливадийский пляж	Ялта	Ялта, Крым	44.496032	34.170213
attraction_privettur_plyazh_pansionata_donbass_yalta	Пляж пансионата «Донбасс»	Ялта	Ялта, Крым	44.491355	34.167403
attraction_privettur_plyazh_gostinitsy_yalta_inturist_yalta	Пляж гостиницы «Ялта-Интурист»	Ялта	Ялта, Крым	44.499198	34.16616
attraction_privettur_vinzavod_massandra_yalta	Винзавод «Массандра»	Ялта	Ялта, Крым	44.498352	34.168763
attraction_privettur_pamyatnik_a_s_pushkinu_yalta	Памятник А. С. Пушкину	Ялта	Ялта, Крым	44.498934	34.164867
attraction_privettur_naberezhnaya_imeni_v_i_lenina_yalta	Набережная имени В. И. Ленина	Ялта	Ялта, Крым	44.498395	34.168707
attraction_privettur_hram_arhangela_mihaila_yalta	Храм Архангела Михаила	Ялта	Ялта, Крым	44.4961	34.170197
attraction_privettur_hram_pokrova_presvyatoy_bogoroditsy_yalta	Храм Покрова Пресвятой Богородицы	Ялта	Ялта, Крым	44.491466	34.164867
attraction_privettur_vorontsovskie_kupalni_alupka	Воронцовские купальни	Алупка	Алупка, Крым	44.414236	34.046335
attraction_privettur_detskiy_plyazh_alupka	Детский пляж	Алупка	Алупка, Крым	44.420777	34.042327
attraction_privettur_plyazh_lazurnyy_bereg_alupka	Пляж «Лазурный берег»	Алупка	Алупка, Крым	44.417474	34.049251
attraction_privettur_pionerskiy_park_alupka	Пионерский парк	Алупка	Алупка, Крым	44.414219	34.044332
attraction_privettur_gora_i_ozero_shaan_kaya_alupka	Гора и озеро Шаан-Кая	Алупка	Алупка, Крым	44.414139	34.045857
attraction_privettur_skala_ayvazovskogo_alupka	Скала Айвазовского	Алупка	Алупка, Крым	44.414568	34.043422
attraction_privettur_plyazhi_professorskogo_ugolka_alushta	Пляжи Профессорского уголка	Алушта	Алушта, Крым	44.674837	34.413782
attraction_privettur_korolevskiy_plyazh_alushta	«Королевский пляж»	Алушта	Алушта, Крым	44.6764	34.4141
attraction_privettur_detskiy_plyazh_alushta	Детский пляж	Алушта	Алушта, Крым	44.674461	34.406602
attraction_privettur_plyazh_laskovyy_bereg_alushta	Пляж «Ласковый берег»	Алушта	Алушта, Крым	44.678027	34.413754
attraction_privettur_plyazh_otelya_rivera_byvshiy_redisson_alushta	Пляж отеля «Ривьера» / бывший «Рэдиссон»	Алушта	Алушта, Крым	44.680054	34.411727
attraction_privettur_morskoy_konek_alushta	«Морской конек»	Алушта	Алушта, Крым	44.67809	34.413725
attraction_privettur_vodopad_geyzer_alushta	Водопад Гейзер	Алушта	Алушта, Крым	44.673993	34.413295
attraction_privettur_delfinariy_nemo_alushta	Дельфинарий «Немо»	Алушта	Алушта, Крым	44.677963	34.406418
attraction_privettur_tsentralnyy_plyazh_gaspry_gaspra	Центральный пляж Гаспры	Гаспра	Гаспра, Крым	44.431661	34.098702
attraction_privettur_plyazh_sanatoriya_yasnaya_polyana_gaspra	Пляж санатория «Ясная поляна»	Гаспра	Гаспра, Крым	44.435098	34.105909
attraction_privettur_plyazh_pansionata_marat_gaspra	Пляж пансионата «Марат»	Гаспра	Гаспра, Крым	44.430772	34.099372
attraction_privettur_skaypark_trolley_gaspra	Скайпарк-троллей	Гаспра	Гаспра, Крым	44.430208	34.10008
attraction_privettur_gorodskoy_plyazh_gurzufa_gurzuf	Городской пляж Гурзуфа	Гурзуф	Гурзуф, Крым	44.544021	34.277045
attraction_privettur_muzey_pushkina_dom_rishele_gurzuf	Музей Пушкина / Дом Ришелье	Гурзуф	Гурзуф, Крым	44.548551	34.283636
attraction_privettur_dacha_k_a_korovina_gurzuf	Дача К. А. Коровина	Гурзуф	Гурзуф, Крым	44.543275	34.277672
attraction_privettur_dom_muzey_chehova_gurzuf	Дом-музей Чехова	Гурзуф	Гурзуф, Крым	44.550199	34.28033
attraction_privettur_rybolovnyy_klub_krasnyy_kamen_gurzuf	Рыболовный клуб «Красный камень»	Гурзуф	Гурзуф, Крым	44.550113	34.281232
attraction_privettur_tsentralnyy_plyazh_katsiveli_katsiveli	Центральный пляж Кацивели	Кацивели	Кацивели, Крым	44.393768	33.977713
attraction_privettur_krymskaya_observatoriya_katsiveli	Крымская обсерватория	Кацивели	Кацивели, Крым	44.396353	33.970205
attraction_privettur_ferma_ustrits_katsiveli	Ферма устриц	Кацивели	Кацивели, Крым	44.397836	33.971449
attraction_privettur_tsentralnyy_plyazh_malorechenskogo_malorechenskoe	Центральный пляж Малореченского	Малореченское	Малореченское, Крым	44.756468	34.560287
attraction_privettur_muzey_katastrof_na_vodah_malorechenskoe	Музей катастроф на водах	Малореченское	Малореченское, Крым	44.754572	34.561275
attraction_privettur_plyazh_rusalochka_mishor	Пляж «Русалочка»	Мисхор	Мисхор, Крым	44.435351	34.081764
attraction_privettur_usadba_sofievka_mishor	Усадьба «Софиевка»	Мисхор	Мисхор, Крым	44.429291	34.086498
attraction_privettur_dvorets_kichkine_mishor	Дворец «Кичкинэ»	Мисхор	Мисхор, Крым	44.432791	34.088995
attraction_privettur_staryy_park_orlovyh_davydovyh_otradnoe	Старый парк Орловых-Давыдовых	Отрадное	Отрадное, Крым	44.512429	34.228064
attraction_privettur_tsentralnyy_plyazh_partenita_partenit	Центральный пляж Партенита	Партенит	Партенит, Крым	44.581816	34.342363
attraction_privettur_ozero_biryuzovoe_partenit	Озеро Бирюзовое	Партенит	Партенит, Крым	44.581124	34.347619
attraction_privettur_plyazh_rekreatsionnogo_kompleksa_katran_privetnoe	Пляж рекреационного комплекса «Катран»	Приветное	Приветное, Крым	44.824759	34.680368
attraction_privettur_munitsipalnyy_plyazh_v_rybachem_rybache	Муниципальный пляж в Рыбачьем	Рыбачье	Рыбачье, Крым	44.773237	34.597927
attraction_privettur_tsentralnyy_plyazh_solnechnogorskogo_solnechnogorskoe	Центральный пляж Солнечногорского	Солнечногорское	Солнечногорское, Крым	44.750152	34.537537
attraction_privettur_lesopark_satiry_i_yumora_solnechnogorskoe	Лесопарк сатиры и юмора	Солнечногорское	Солнечногорское, Крым	44.749237	34.536684
attraction_privettur_haphalskiy_zapovednik_solnechnogorskoe	Хапхальский заповедник	Солнечногорское	Солнечногорское, Крым	44.750978	34.540418
attraction_privettur_plyazh_sanatoriya_utes_utes	Пляж санатория «Утес»	Утёс	Утёс, Крым	44.59627	34.367987
attraction_privettur_starinnyy_park_imeniya_kuchuk_lambat_utes	Старинный парк имения Кучук-Ламбат	Утёс	Утёс, Крым	44.59024	34.370929
attraction_privettur_plyazh_sanatoriya_foros_foros	Пляж санатория «Форос»	Форос	Форос, Крым	44.389205	33.790807
attraction_privettur_dom_grafa_kuznetsova_foros	Дом графа Кузнецова	Форос	Форос, Крым	44.391637	33.784473
attraction_privettur_baydarskaya_dolina_foros	Байдарская долина	Форос	Форос, Крым	44.392818	33.784422
attraction_privettur_kanon_uzundzhi_foros	Каньон Узунджи	Форос	Форос, Крым	44.391705	33.792339
attraction_privettur_chertova_lestnitsa_foros	Чертова лестница	Форос	Форос, Крым	44.388641	33.787032
attraction_privettur_plyazh_soldatskiy_mramornyy_balaklava	Пляж Солдатский / Мраморный	Балаклава	Балаклава, Крым	44.503625	33.598172
attraction_privettur_podzemnyy_muzeynyy_kompleks_muzey_podvodnyh_lodok_balaklava	Подземный музейный комплекс / музей подводных лодок	Балаклава	Балаклава, Крым	44.497271	33.60296
attraction_privettur_zavod_shampanskih_vin_zolotaya_balka_balaklava	Завод шампанских вин «Золотая балка»	Балаклава	Балаклава, Крым	44.499398	33.597118
attraction_privettur_biyuk_han_dzhami_bahchisaray	Биюк Хан Джами	Бахчисарай	Бахчисарай, Крым	44.749323	33.858306
attraction_privettur_fontan_slez_bahchisaray	Фонтан слез	Бахчисарай	Бахчисарай, Крым	44.748946	33.862227
attraction_privettur_dvortsovyy_kompleks_devlet_saray_bahchisaray	Дворцовый комплекс Девлет-Сарай	Бахчисарай	Бахчисарай, Крым	44.750722	33.864132
attraction_privettur_uspenskiy_monastyr_bahchisaray	Успенский монастырь	Бахчисарай	Бахчисарай, Крым	44.755477	33.857821
attraction_privettur_skit_anastasii_uzoreshitelnitsy_bahchisaray	Скит Анастасии Узорешительницы	Бахчисарай	Бахчисарай, Крым	44.749976	33.863619
attraction_privettur_sfinksy_doliny_churuk_su_bahchisaray	Сфинксы долины Чурук-Су	Бахчисарай	Бахчисарай, Крым	44.749036	33.862416
attraction_privettur_ekaterininskaya_milya_bahchisaray	Екатерининская миля	Бахчисарай	Бахчисарай, Крым	44.755752	33.863063
attraction_privettur_bahchisarayskiy_park_miniatyur_bahchisaray	Бахчисарайский парк миниатюр	Бахчисарай	Бахчисарай, Крым	44.756599	33.86053
attraction_privettur_chudo_oslik_bahchisaray	«Чудо-ослик»	Бахчисарай	Бахчисарай, Крым	44.752391	33.864595
attraction_privettur_plyazh_oazis_evpatoriya	Пляж «Оазис»	Евпатория	Евпатория, Крым	45.18854	33.371029
attraction_privettur_plyazh_robinzon_evpatoriya	Пляж «Робинзон»	Евпатория	Евпатория, Крым	45.19229	33.363975
attraction_privettur_plyazh_solyaris_evpatoriya	Пляж «Солярис»	Евпатория	Евпатория, Крым	45.188661	33.364102
attraction_privettur_tsentralnyy_plyazh_evpatorii_evpatoriya	Центральный пляж Евпатории	Евпатория	Евпатория, Крым	45.193007	33.370795
attraction_privettur_tropikpark_evpatoriya	Тропикпарк	Евпатория	Евпатория, Крым	45.194481	33.366632
attraction_privettur_dom_velikana_evpatoriya	Дом великана	Евпатория	Евпатория, Крым	45.193709	33.365083
attraction_privettur_muzey_zanimatelnyh_nauk_kak_tak_evpatoriya	Музей занимательных наук «Как?Так!»	Евпатория	Евпатория, Крым	45.193955	33.369779
attraction_privettur_evpatoriyskiy_karting_tsentr_evpatoriya	Евпаторийский картинг-центр	Евпатория	Евпатория, Крым	45.186639	33.367043
attraction_privettur_evpatoriyskiy_delfinariy_evpatoriya	Евпаторийский дельфинарий	Евпатория	Евпатория, Крым	45.190809	33.363605
attraction_privettur_plyazh_super_akva_zaozernoe	Пляж «Супер Аква»	Заозерное	Заозерное, Крым	45.161985	33.278349
attraction_privettur_greko_skifskoe_gorodische_chayka_zaozernoe	Греко-скифское городище «Чайка»	Заозерное	Заозерное, Крым	45.155376	33.281019
attraction_privettur_tsentralnyy_plyazh_mezhvodnogo_mezhvodnoe	Центральный пляж Межводного	Межводное	Межводное, Крым	45.583897	32.848845
attraction_privettur_tsentr_vodnyh_vidov_sporta_mezhvodnoe	Центр водных видов спорта	Межводное	Межводное, Крым	45.581266	32.846433
attraction_privettur_ozero_dzharylgach_mezhvodnoe	Озеро Джарылгач	Межводное	Межводное, Крым	45.584032	32.848881
attraction_privettur_tsentralnyy_plyazh_nikolaevki_nikolaevka	Центральный пляж Николаевки	Николаевка	Николаевка, Крым	44.962022	33.614332
attraction_privettur_akvarium_chernomorskiy_nikolaevka	Аквариум «Черноморский»	Николаевка	Николаевка, Крым	44.959902	33.61066
attraction_privettur_plyazh_sanset_olenevka	Пляж «Сансет»	Оленевка	Оленевка, Крым	45.38729	32.533579
attraction_privettur_chasha_lyubvi_olenevka	Чаша Любви	Оленевка	Оленевка, Крым	45.382064	32.529496
attraction_privettur_staryy_mayak_olenevka	Старый маяк	Оленевка	Оленевка, Крым	45.379736	32.535116
attraction_privettur_tsentralnyy_plyazh_peschanogo_peschanoe	Центральный пляж Песчаного	Песчаное	Песчаное, Крым	44.846103	33.606155
attraction_privettur_tsentralnyy_plyazh_popovki_popovka	Центральный пляж Поповки	Поповка	Поповка, Крым	45.300463	33.039152
attraction_privettur_detskiy_plyazh_popovka	Детский пляж	Поповка	Поповка, Крым	45.294103	33.0369
attraction_privettur_poselkovyy_plyazh_popovka	Поселковый пляж	Поповка	Поповка, Крым	45.294087	33.036832
attraction_privettur_respublika_kazantip_plyazh_z_city_popovka	Республика «Казантип» / пляж «Z-city»	Поповка	Поповка, Крым	45.296	33.032536
attraction_privettur_tsentralnyy_plyazh_saki_saki	Центральный пляж Саки	Саки	Саки, Крым	45.136551	33.606336
attraction_privettur_sakskoe_ozero_saki	Сакское озеро	Саки	Саки, Крым	45.136717	33.599991
attraction_privettur_etnograficheskiy_kompleks_sergiev_posad_saki	Этнографический комплекс «Сергиев Посад»	Саки	Саки, Крым	45.133165	33.599236
attraction_privettur_akvakompleks_saksoniya_saki	Аквакомплекс «Саксония»	Саки	Саки, Крым	45.137516	33.600863
attraction_privettur_plyazh_pobedy_sevastopol	Пляж Победы	Севастополь	Севастополь, Крым	44.61273	33.525887
attraction_privettur_plyazh_akvamarin_sevastopol	Пляж «Аквамарин»	Севастополь	Севастополь, Крым	44.620639	33.524705
attraction_privettur_plyazh_pesochnyy_sevastopol	Пляж Песочный	Севастополь	Севастополь, Крым	44.616143	33.529361
attraction_privettur_plyazh_solnechnyy_sevastopol	Пляж Солнечный	Севастополь	Севастополь, Крым	44.614761	33.528898
attraction_privettur_plyazh_tolstyak_sevastopol	Пляж Толстяк	Севастополь	Севастополь, Крым	44.620613	33.524568
attraction_privettur_urochische_batiliman_sevastopol	Урочище Батилиман	Севастополь	Севастополь, Крым	44.619324	33.522381
attraction_privettur_chernorechenskiy_kanon_sevastopol	Чернореченский каньон	Севастополь	Севастополь, Крым	44.616213	33.52937
attraction_privettur_krepost_kyz_kule_sevastopol	Крепость Кыз-Куле	Севастополь	Севастополь, Крым	44.612705	33.525609
attraction_privettur_muzey_geroicheskoy_oborony_i_osvobozhdeniya_sevastopolya_sevastopol	Музей героической обороны и освобождения Севастополя	Севастополь	Севастополь, Крым	44.620016	33.527637
attraction_privettur_muzey_podvodnyh_lodok_sevastopol	Музей подводных лодок	Севастополь	Севастополь, Крым	44.619809	33.522883
attraction_privettur_muzey_rybakov_sevastopol	Музей рыбаков	Севастополь	Севастополь, Крым	44.616979	33.52141
attraction_privettur_akvapark_zurbagan_sevastopol	Аквапарк «Зурбаган»	Севастополь	Севастополь, Крым	44.619936	33.527751
attraction_privettur_delfinariy_strana_delfiniya_sevastopol	Дельфинарий «Страна Дельфиния»	Севастополь	Севастополь, Крым	44.613236	33.5274
attraction_privettur_delfinariy_flipper_sevastopol	Дельфинарий Flipper	Севастополь	Севастополь, Крым	44.614822	33.528932
attraction_privettur_eko_park_lukomore_sevastopol	Эко-парк «Лукоморье»	Севастополь	Севастополь, Крым	44.612722	33.525818
attraction_privettur_tserkov_vseh_svyatyh_sevastopol	Церковь Всех Святых	Севастополь	Севастополь, Крым	44.616979	33.52141
attraction_privettur_tserkov_mihaila_arhangela_sevastopol	Церковь Михаила Архангела	Севастополь	Севастополь, Крым	44.612722	33.524982
attraction_privettur_tsentralnyy_plyazh_chernomorskogo_chernomorskoe	Центральный пляж Черноморского	Черноморское	Черноморское, Крым	45.504722	32.694268
attraction_privettur_urochische_bolshoy_kastel_chernomorskoe	Урочище Большой Кастель	Черноморское	Черноморское, Крым	45.510539	32.698495
attraction_privettur_plyazh_vega_shtormovoe	Пляж «Вега»	Штормовое	Штормовое, Крым	45.264075	33.083272
attraction_privettur_plyazh_otelya_delmar_shtormovoe	Пляж отеля DelMar	Штормовое	Штормовое, Крым	45.270951	33.085374
attraction_privettur_plyazh_krab_shtormovoe	Пляж «Краб»	Штормовое	Штормовое, Крым	45.265	33.082536
attraction_privettur_muzey_morskie_kurezy_shtormovoe	Музей «Морские курьезы»	Штормовое	Штормовое, Крым	45.268878	33.082468
attraction_privettur_plyazh_117_beregovoe	Пляж 117	Береговое	Береговое, Крым	45.095878	35.431468
attraction_privettur_plyazh_gostinitsy_brigantina_beregovoe	Пляж гостиницы «Бригантина»	Береговое	Береговое, Крым	45.097734	35.433567
attraction_privettur_plyazh_otelya_hollywood_beregovoe	Пляж отеля Hollywood	Береговое	Береговое, Крым	45.093374	35.438951
attraction_privettur_plyazh_moskovskiy_kerch	Пляж Московский	Керчь	Керчь, Крым	45.360064	36.468335
attraction_privettur_plyazh_molodezhnyy_kerch	Пляж Молодежный	Керчь	Керчь, Крым	45.357369	36.463475
attraction_privettur_plyazh_cherepashka_kerch	Пляж Черепашка	Керчь	Керчь, Крым	45.352884	36.469537
attraction_privettur_plyazh_sanatoriya_moskva_krym_kerch	Пляж санатория «Москва-Крым»	Керчь	Керчь, Крым	45.355782	36.471278
attraction_privettur_strausinaya_ferma_ekzotik_kerch	Страусиная ферма «Экзотик»	Керчь	Керчь, Крым	45.352702	36.469239
attraction_privettur_plyazh_pansionata_goluboy_zaliv_koktebel	Пляж пансионата «Голубой залив»	Коктебель	Коктебель, Крым	44.960265	35.242736
attraction_privettur_tsentralnyy_plyazh_koktebelya_koktebel	Центральный пляж Коктебеля	Коктебель	Коктебель, Крым	44.965299	35.24653
attraction_privettur_maltiyskiy_plyazh_koktebel	Мальтийский пляж	Коктебель	Коктебель, Крым	44.957591	35.248098
attraction_privettur_plyazh_papay_koktebel	Пляж «Папай»	Коктебель	Коктебель, Крым	44.957436	35.247635
attraction_privettur_plyazh_primore_koktebel	Пляж «Приморье»	Коктебель	Коктебель, Крым	44.965298	35.24674
attraction_privettur_park_antilop_safari_ranch_koktebel	Парк антилоп «Сафари Ранч»	Коктебель	Коктебель, Крым	44.958837	35.249752
attraction_privettur_ozero_barakol_koktebel	Озеро Бараколь	Коктебель	Коктебель, Крым	44.96299	35.250225
attraction_privettur_naberezhnaya_koktebelya_koktebel	Набережная Коктебеля	Коктебель	Коктебель, Крым	44.958521	35.243723
attraction_privettur_akvapark_v_koktebele_koktebel	Аквапарк в Коктебеле	Коктебель	Коктебель, Крым	44.959361	35.243102
attraction_privettur_tsentralnyy_plyazh_kurortnogo_kurortnoe	Центральный пляж Курортного	Курортное	Курортное, Крым	44.911848	35.184537
attraction_privettur_lvinaya_buhta_kurortnoe	Львиная бухта	Курортное	Курортное, Крым	44.911291	35.188498
attraction_privettur_muzey_prirody_kara_daga_kurortnoe	Музей природы Кара-Дага	Курортное	Курортное, Крым	44.911061	35.187695
attraction_privettur_tsentralnyy_plyazh_morskogo_morskoe	Центральный пляж Морского	Морское	Морское, Крым	44.828236	34.799196
attraction_privettur_mys_ay_foka_morskoe	Мыс Ай-Фока	Морское	Морское, Крым	44.823103	34.8021
attraction_privettur_kamennye_zamki_za_mysom_agira_morskoe	Каменные замки за мысом Агира	Морское	Морское, Крым	44.830564	34.801184
attraction_privettur_tsarskiy_plyazh_novyy_svet	Царский пляж	Новый Свет	Новый Свет, Крым	44.82874	34.917529
attraction_privettur_tsentralnyy_plyazh_novogo_sveta_novyy_svet	Центральный пляж Нового Света	Новый Свет	Новый Свет, Крым	44.826873	34.913337
attraction_privettur_naberezhnaya_novogo_sveta_novyy_svet	Набережная Нового Света	Новый Свет	Новый Свет, Крым	44.827146	34.915727
attraction_privettur_landshaftnyy_zakaznik_novyy_svet_novyy_svet	Ландшафтный заказник «Новый Свет»	Новый Свет	Новый Свет, Крым	44.830591	34.910105
attraction_privettur_skalnyy_amfiteatr_novyy_svet	Скальный амфитеатр	Новый Свет	Новый Свет, Крым	44.827827	34.911423
attraction_privettur_podvodnaya_peschera_legenda_novyy_svet	Подводная пещера «Легенда»	Новый Свет	Новый Свет, Крым	44.828922	34.910568
attraction_privettur_bosporskaya_krepost_novyy_svet	Боспорская крепость	Новый Свет	Новый Свет, Крым	44.830521	34.91011
attraction_privettur_muzey_istorii_vinodeliya_novyy_svet	Музей истории виноделия	Новый Свет	Новый Свет, Крым	44.832739	34.910602
attraction_privettur_tsentralnyy_plyazh_ordzhonikidze_ordzhonikidze	Центральный пляж Орджоникидзе	Орджоникидзе	Орджоникидзе, Крым	44.96388	35.352608
attraction_privettur_biyuk_yanyshar_ordzhonikidze	Биюк-Янышар	Орджоникидзе	Орджоникидзе, Крым	44.962049	35.355374
attraction_privettur_tsentralnyy_plyazh_primorskogo_primorskiy	Центральный пляж Приморского	Приморский	Приморский, Крым	45.117502	35.476291
attraction_privettur_plyazh_mohito_sudak	Пляж «Мохито»	Судак	Судак, Крым	44.8482	34.978597
attraction_privettur_plyazh_medvezhonok_sudak	Пляж «Медвежонок»	Судак	Судак, Крым	44.851617	34.977809
attraction_privettur_kolhoznyy_plyazh_sudak	Колхозный пляж	Судак	Судак, Крым	44.8451	34.9747
attraction_privettur_tsentralnyy_plyazh_sudaka_sudak	Центральный пляж Судака	Судак	Судак, Крым	44.848405	34.970761
attraction_privettur_plyazh_sanatoriya_vvs_sudak	Пляж санатория ВВС	Судак	Судак, Крым	44.845568	34.976578
attraction_privettur_plyazh_tok_sudak_sudak	Пляж ТОК «Судак»	Судак	Судак, Крым	44.852809	34.976198
attraction_privettur_plyazh_pansionata_zvezdnyy_sudak	Пляж пансионата «Звездный»	Судак	Судак, Крым	44.847997	34.978545
attraction_privettur_plyazh_otelya_priboy_sudak	Пляж отеля «Прибой»	Судак	Судак, Крым	44.852336	34.977051
attraction_privettur_plyazh_arzy_sudak	Пляж «Арзы»	Судак	Судак, Крым	44.852252	34.977163
attraction_privettur_grot_eolova_arfa_sudak	Грот «Эолова арфа»	Судак	Судак, Крым	44.850727	34.978354
attraction_privettur_zapovednoe_urochische_alchak_kaya_sudak	Заповедное урочище Алчак-Кая	Судак	Судак, Крым	44.848132	34.978581
attraction_privettur_kontaktnyy_zoopark_sudak	Контактный зоопарк	Судак	Судак, Крым	44.852925	34.973531
attraction_privettur_kinoteatr_chayka_sudak	Кинотеатр «Чайка»	Судак	Судак, Крым	44.846476	34.977719
attraction_privettur_akvapark_vodnyy_mir_sudak	Аквапарк «Водный мир»	Судак	Судак, Крым	44.850269	34.978525
attraction_privettur_delfinariy_nemo_sudak	Дельфинарий «Немо»	Судак	Судак, Крым	44.847537	34.978382
attraction_privettur_krokodilovaya_ferma_sudak	Крокодиловая ферма	Судак	Судак, Крым	44.846637	34.977852
attraction_privettur_plyazh_sanatoriya_voshod_feodosiya	Пляж санатория «Восход»	Феодосия	Феодосия, Крым	45.033003	35.386245
attraction_privettur_pervyy_gorodskoy_plyazh_feodosiya	Первый городской пляж	Феодосия	Феодосия, Крым	45.033268	35.386159
attraction_privettur_plyazh_dinamo_feodosiya	Пляж «Динамо»	Феодосия	Феодосия, Крым	45.031482	35.386378
attraction_privettur_zhemchuzhnyy_plyazh_feodosiya	Жемчужный пляж	Феодосия	Феодосия, Крым	45.028881	35.385024
attraction_privettur_plyazh_baunti_feodosiya	Пляж «Баунти»	Феодосия	Феодосия, Крым	45.034777	35.379621
attraction_privettur_muzey_deltaplanerizma_feodosiya	Музей дельтапланеризма	Феодосия	Феодосия, Крым	45.034307	35.379205
attraction_privettur_muzey_drevnostey_feodosiya	Музей древностей	Феодосия	Феодосия, Крым	45.031137	35.386327
attraction_privettur_delfinariy_nemo_feodosiya	Дельфинарий «Немо»	Феодосия	Феодосия, Крым	45.034137	35.379084
attraction_privettur_mesto_dlya_potseluev_feodosiya	Место для поцелуев	Феодосия	Феодосия, Крым	45.035634	35.383833
attraction_privettur_yubileynyy_park_feodosiya	Юбилейный парк	Феодосия	Феодосия, Крым	45.029437	35.379248
attraction_privettur_vvedenskaya_tserkov_feodosiya	Введенская церковь	Феодосия	Феодосия, Крым	45.035052	35.379937
attraction_privettur_bashnya_fomy_feodosiya	Башня Фомы	Феодосия	Феодосия, Крым	45.030147	35.385995
attraction_privettur_genuezskaya_krepost_kafa_feodosiya	Генуэзская крепость Кафа	Феодосия	Феодосия, Крым	45.029721	35.385755
attraction_privettur_hram_iverskoy_ikony_feodosiya	Храм Иверской иконы	Феодосия	Феодосия, Крым	45.0339	35.378936
attraction_privettur_tserkov_svyatoy_ekateriny_feodosiya	Церковь Святой Екатерины	Феодосия	Феодосия, Крым	45.027961	35.381705
attraction_privettur_tsentralnyy_plyazh_schelkino_schelkino	Центральный пляж Щёлкино	Щёлкино	Щёлкино, Крым	45.4307	35.825764
attraction_privettur_plyazh_v_russkoy_buhte_schelkino	Пляж в Русской бухте	Щёлкино	Щёлкино, Крым	45.430937	35.825616
attraction_privettur_livadiyskiy_park_yalta	Ливадийский парк	Ялта	Ялта, Крым	44.491546	34.167927
attraction_privettur_gorodskoy_plyazh_u_skaly_diva_simeiz	Городской пляж у скалы Дива	Симеиз	Симеиз, Крым	44.411557	33.993804
attraction_privettur_park_tok_sudak_sudak	Парк ТОК «Судак»	Судак	Судак, Крым	44.852492	34.97682
attraction_privettur_plyazhi_primorskogo_primorskiy	Пляжи Приморского	Приморский	Приморский, Крым	45.114832	35.484316
